КлиентНомер;КлиентКрНаим;Прибыль, usd;Цена суммарная;Себестоимость по Заказу , usd;Прибыль с учетом рибейтов;Объём по Накладной, м3;Общее Количество Заказов;Коррекция продактов ЦО в РБЮ;Коррекция продактов сейлам;Количество шт. в Накладной;Заказ Количество Строк;Доход конвертационный, usd
1000645;Jet Infosystems;3185,58;76309,45;73123,87;3185,58;0,579416;1;0;0;3;2;0
1000673;Крок;7748,5;67504,56;59756,06;7748,5;3,542515;13;228,5719;0;463;49;0
1000901;Арсенал+;51313,19;591332,64;540019,45;50621,69;42,293263;103;6325,2612;6086,6;8796;1262;3565,4177
1002466;Верисел-Сервис;391,74;9152,37;8760,63;2099,26;0,429111;10;168,2216;0;23;20;19,4532
1003198;ЛОГИС;62327,28;1333852,64;1271525,36;62327,28;48,883291;238;17180,983;708,42;12783;909;20021,8722
1003990;Интерсист;2452,62;8263,89;5811,27;2452,62;5,19139;3;0;0;-83;17;134,19
1004568;СофтЛайн Трейд;16009,96;357420,22;341410,26;10378,6;2,482429;11;4004,5944;0;133;59;1034,7912
1005744;Орбита - Холдинг (г. Курган);621,65;2501,96;1880,31;621,65;0,159356;3;8,171;0;35;15;0
1006625;ДНС;60636,91;441670,62;381033,71;66055,53;123,536062;5;11709,8454;3767,43;5426;1116;4,08
1007572;Техносити (г. Тюмень);182,72;605,63;422,91;182,72;0,35188;2;0;0;4;2;0
1008464;РемМарк (г.Сургут);-24774,31;321427,31;346201,62;-24774,31;34,104419;19;62920,1521;68460,96;1176;225;934,0386
1008821;СибНАЦ (г.Тюмень);790,57;2499,91;1709,34;790,57;1,470347;1;0;0;4;4;0
10728;ИВС;60646,14;545305,69;484659,55;60455,68;50,476172;327;1152,1793;813,71;17019;1398;432,9232
10973;Окта Консалтинг (г. Тюмень);421,37;13140,07;12718,7;421,37;0,562516;12;316;0;146;29;263,6088
11038;ООО ``Медиа-Маркт-Сатурн``;15726,53;362162,44;346435,91;25496,95;14,240501;102;12475,3179;2507,3;2428;526;0
11063;ЛПКОМ (г. Сургут);-5,43;352,58;358,01;-5,43;0,016546;1;17,955;0;19;5;14,1032
1972;КАТ Лтд (г.Тюмень);13695,22;108781,32;95086,1;13695,22;3,69139;18;1716,4674;0;1677;79;286,4883
3530;Техносерв А/С;10253,47;67679,46;57425,99;2554,7;0,64266;4;46,9212;0;22;14;0
3742;Компас Плюс;262,66;3188,35;2925,69;262,66;0,218097;5;0;0;6;6;24,91
4000170;Арко;244,05;905,92;661,87;244,05;0,04848;3;0;19,47;146;6;15,04
4000172;Бионт;449,21;14381,11;13931,9;449,21;2,177712;18;346,688;0;380;94;405,6888
4000173;ГармПлюс;151,31;1046,53;895,22;151,31;0,143339;7;3,039;0;78;75;39,0764
4000178;Диалог;7658,45;67593,04;59934,59;7658,45;7,851611;1;0;0;107;6;16,368
4000184;Караван;12,94;228;215,06;12,94;0,00015;1;0;0;3;1;9,12
4000186;Контраст;3421,15;31121,83;27700,68;3421,15;4,745874;9;212,2562;0;461;251;87,3784
4000188;КТТ;9542,41;114424,11;104881,7;10635,16;17,824536;90;1633,5504;2994,79;2014;650;435,0712
4000189;Лоис;-325,94;1126,8;1452,74;-325,94;0,207276;3;402,024;0;14;4;20,56
4000220;Юлекс;771,17;12724,34;11953,17;755,08;1,469678;19;92,4325;0;234;78;295,9416
4000254;Контур;1087,7;2325;1237,3;1087,7;0,0328;1;0;0;5;1;93
4000261;Сотрудник;1705,58;5628,32;3922,74;1961,9;0,229511;7;0;0;660;28;0
4000262;Стайл;7960,68;179148,07;171187,39;7938,37;18,594859;119;3068,4965;1284,07;4448;1578;4335,3684
4001017;Мастер-Сервис;4165,46;41452,65;37287,19;4165,46;4,61176;47;391,508;553,26;599;382;746,2177
41;ГОТИКА;693,23;2220,68;1527,45;693,23;0,079429;4;0;0;5;5;0,7341
5087;CTI;5,33;80,09;74,76;5,33;0,01155;1;0;0;1;1;0
71;Корус АКС;11273,81;119608,62;108334,81;11273,81;6,282378;22;3097,3125;0;371;61;0
7658;Техсоюз (г. Сургут);3378,61;102879,08;99500,47;3378,61;15,95756;49;5335,0468;203,02;2260;476;322,8102
8001202;Халин С.А.  - NetCom;27,45;625,45;598;27,45;0,074672;2;0,04;0;19;6;14,912
8001303;Прокси Лимитед;1207,76;7472,97;6265,21;1207,76;1,627044;8;0;0;40;18;137,2876
8001415;ЭКО-Дэйт;36313,52;416556,73;380243,21;78904,48;13,410971;86;2681,1059;0;13922;270;1098,968
8001418;ДатаАрт;-16,26;11958,09;11974,35;-16,26;1,57599;4;187,15;0;214;25;478,3236
8001460;Админ;19,31;990,48;971,17;19,31;0,433186;2;14,39;0;9;5;12,9
8001470;Рубин;-55,2;1196,92;1252,12;-55,2;1,030399;3;0;0;20;9;12,608
8001499;Комтрейд;42,67;145,35;102,68;42,67;0,115056;1;0;0;1;1;0
8001576;Рудакова Л.И.;135,43;2712,22;2576,79;135,43;0,301751;7;101,604;0;70;45;72,9452
8001596;Лемакс;1576,3;57448,86;55872,56;3083,85;6,812335;42;4824,9792;5404,9426;1167;468;0
8001605;Григорьев С.О.;28,29;189,6;161,31;28,29;0,020471;1;0;0;4;4;0
8001618;Прогноз;237,92;1871,71;1633,79;237,92;0;2;0;0;40;2;0
8001681;Информ-Сервис;1127,7;10745,96;9618,26;1127,7;0,759398;10;3,7374;0;31;19;393,5236
8001688;Ташкинов И.А.;1996,49;17537,51;15541,02;1996,49;2,165528;51;114,7324;0;372;165;463,0364
8001706;Синтез-ДГ;171,14;2913,58;2742,44;171,14;0,207291;4;26,2761;6,94;108;34;89,3988
8001715;Файл;598,78;4959,31;4360,53;598,78;0,470617;18;16,8098;0;194;108;122,504
8001762;Сталкер;23,59;1190,29;1166,7;23,59;0,176067;2;47,9236;0;24;14;47,6116
8001776;Развитие;4959,07;52729,97;47770,9;4959,07;5,748207;7;594,3882;88,12;2390;1324;1342,4742
8001788;Лукиных В.Н.;233,1;3049,75;2816,65;233,1;0,199569;5;8,9;60;108;57;95,4288
8001860;Асва;815,62;5836,83;5021,21;815,62;0,34596;1;0;0;6;2;233,4732
8001875;Т-Статус;-3982,15;5193,34;9175,49;-3982,15;0,969481;19;3616,3521;6731,94;226;115;128,9464
8001882;Юнион-С;370,66;4235,84;3865,18;370,66;0,658877;7;91,06;22,35;183;66;125,0264
8001985;Дозоров С.А.;620,63;5460,12;4839,49;620,63;2,188065;16;183,6614;23,04;151;79;52,6004
8002021;АСВ;253,64;2846;2592,36;253,64;0,008776;1;38,39;0;9;3;0
8002037;Ковалев В.В.;102,53;1587,25;1484,72;102,53;0,673989;3;7,105;0;15;15;12,348
8002041;РАНАТ;131,07;509,57;378,5;131,07;0,059355;3;0;0;7;7;4,368
8002045;Никос;165,14;1711,18;1546,04;165,14;0,18918;4;30,968;0;47;32;55,832
8002068;УТБИС;516,75;31427,99;30911,24;516,75;2,27308;53;1002,9601;0;296;106;466,1386
8002111;ТехноСофт;490,41;4851,84;4361,43;490,41;0,792515;8;51,3395;0;121;71;108,5836
8002132;Дело техники;3160,35;45047,1;41886,75;3526,41;3,512136;23;152,1392;0;342;187;108,6856
8002215;Белоусова Н.А.;402,62;4506,14;4103,52;402,62;0,347053;19;32,2639;0;129;95;64,6932
8002328;Техцентр-Партнер;-101,17;1090,78;1191,95;-101,17;0,011506;7;94,5245;0;26;9;43,6312
8002350;Первакова О.М.;210,88;1447,26;1236,38;210,88;0,140065;7;4,018;0;88;45;21,9232
8002359;Пальцев Н.Б.;24,56;475,93;451,37;24,56;0,370494;3;0;0;21;7;0
8002381;Белдэкс;35,45;309,4;273,95;35,45;0,073395;1;0;0;2;2;8,1804
8002412;Софтмастер;253,5;4717,37;4463,87;253,5;0,92135;12;17,443;0;109;65;151,6724
8002461;Исаков А.Б.;245,8;3829,35;3583,55;245,8;0,320062;3;49,29;0;34;20;153,174
8002477;ХайТек Сервис;270,15;10218,86;9948,71;352,53;1,679728;16;133,5624;225,18;350;104;294,6688
8002514;Пром-А;1979,63;18342,06;16362,43;2289,35;1,776778;10;25,2262;0;71;58;177,0484
8002515;УралОргСервис;25,75;944,87;919,12;25,75;0,146173;4;25,112;0;18;16;31,8388
8002532;Мастер-Копир;26,19;348,45;322,26;26,19;0,003045;1;0;0;5;3;0
8002579;Сарви В.И.;-103,22;1805,62;1908,84;-103,22;0,215288;4;18,0802;1030,39;40;27;4,936
8002591;Санкин А.В.;-1537,26;39596,71;41133,97;-1537,26;6,026794;42;2654,6915;0;1569;435;651,5344
8002593;СДМ-Технологии;804,99;11183,76;10378,77;804,99;1,608473;27;413,7898;382,7;143;100;199,442
8002595;Иж-Юнит;263,9;1220,62;956,72;263,9;0,114574;2;0;0;44;11;0
8002609;АйТи-Сервис;-2972,26;9963,4;12935,66;-2972,26;5,84468;16;2199,011;9095,71;358;84;253,0444
8002621;Спутник-Комплектация;3031,37;7134,58;4103,21;3031,37;0,942129;2;0;0;321;48;0
8002644;Сателлит-Сервис;455,96;2915,54;2459,58;455,96;0,746565;8;26,0756;0;198;20;44,8244
8002663;Иж-АДИ;1581,06;6043,97;4462,91;1581,06;17,911683;3;328,8;0;972;15;11,0176
8002664;ИнфоСистемы;521,58;1574;1052,42;521,58;0,106938;1;0;0;2;2;0
8002670;Промсинтез ТК;213,86;9353,08;9139,22;213,86;1,213108;4;97,5346;0;194;34;271,6892
8002676;Кодар-Сервис;32,81;277,92;245,11;32,81;0,002127;1;0;0;6;6;0
8002742;Поляков Н.В.;25,64;919,82;894,18;25,64;0,107305;5;28,655;9,49;17;16;36,3568
8002765;Корпор. Информ. Техн;1881,89;69621,76;67739,87;1881,89;10,560094;12;5939,1788;663,85;960;280;427,2672
8002841;Прайд;2016,09;22894,18;20878,09;2465,99;2,170061;44;184,9737;0;441;160;166,9544
8002868;Мобидик;1450,74;23209,77;21759,03;1531,37;2,50733;19;278,6474;707,79;878;439;372,7716
8002882;Петушина Г.Г.;839,9;4046,89;3206,99;839,9;0,564609;5;0;0;12;11;12,98
8002887;ИТ-Сервис;-9057,77;56523,72;65581,49;-9057,77;1,459485;5;11428,0647;0;111;32;69,502
8002910;АйТи-Партнёр;85,63;532,86;447,23;85,63;0,158025;1;0;0;6;1;21,3144
8002920;Сити Сток;278,65;1003,34;724,69;278,65;0,182379;2;0;0;189;14;0
8002926;Система-Сервис ПРМ;-96,54;6480,64;6577,18;-96,54;1,114906;16;243,107;140,58;157;69;242,6256
8002929;Зорин Г.А.;266,13;4502,89;4236,76;266,13;0,542586;9;20,1014;0;59;39;133,7668
8002941;Тандем;77,63;450,26;372,63;77,63;0,068274;3;1,2513;0;32;22;13,794
8002976;Интероптторг;450,23;2195,43;1745,2;450,23;1,253417;2;0;0;4;4;0
8002987;Михайлов А.Н.;825,78;7961,01;7135,23;849,92;1,316358;14;19,6961;0;346;93;150,9736
8002988;Марголин Р.В.;401,51;11969,82;11568,31;401,51;1,37514;19;255,6894;1,8;422;296;394,0396
8002995;Инси;3277,68;40024,64;36746,96;3277,68;4,705728;33;483,313;1,2;447;139;654,0964
8003001;ДиСтар ККомпания;171,11;662,84;491,73;171,11;0,033416;2;12,952;0;8;4;13,5936
8003018;Вуду;633,55;5179,06;4545,51;633,55;0,691742;8;42,6787;0;97;87;90,4824
8003038;ТехИнфоТрейд;-2160,29;5403,1;7563,39;-2160,29;0,538016;7;2216,5975;2779,16;240;80;190,8292
8003045;Оникс;30,1;2848,69;2818,59;30,1;0,369573;5;91,748;196,54;49;30;90,548
8003086;Иж-Михайлов А.В.;96,37;570,68;474,31;96,37;0,00845;1;0;0;19;6;0
8003321;Арефьев;70049,33;513432,36;443383,03;70049,33;40,818058;86;5586,2049;202,24;3632;970;1610,0008
8003327;СвязьСервис;115,72;696;580,28;115,72;0,00063;2;10,84;0;3;2;21,94
8003336;Перм.Учебн.коллектор;3,01;239,5;236,49;3,01;0,092474;3;11,115;0;6;5;9,58
8003356;ПрофИТ;2482,55;7439,64;4957,09;2482,55;2,156446;2;0,2831;0;62;8;0
8003378;Корпорация Мир;33,12;664,44;631,32;33,12;0,135876;1;0;0;1;1;0
8003423;ДВК Ай Ти;-41,1;330,21;371,31;-41,1;0,006988;4;39,5249;0;7;5;13,2084
8003424;ДиСтар Сервис;52,88;18403,21;18350,33;52,88;2,789109;37;806,9234;59,9;305;127;325,956
8003426;Айтида;1629,95;23994,46;22364,51;1629,95;3,033306;42;400,806;0;308;167;525,1972
8003434;Випакс;262,71;7848,67;7585,96;262,71;0,572143;4;16,218;0;52;17;70,9684
8003436;Академия БР (Урал Трейд);1359,86;6366,15;5006,29;1359,86;0,183456;1;0;0;14;1;0
8003438;Декада;-597,35;14382,14;14979,49;-597,35;1,817919;20;1134,3122;50,11;198;82;212,838
8003439;Малова В.А.;-508,52;1700,76;2209,28;-508,52;0,29049;4;849,38;821,31;141;37;18,498
8003453;Четина Е.А.;1906,38;22361,63;20455,25;1906,38;3,528259;15;707,1142;15,87;454;356;332,308
8643;РРС-Балтика;975,46;13771,45;12795,99;975,46;2,638067;2;38,361;673,01;286;32;0
9001496;ОткрытыеТехнологии98;53699,4;431315,69;377616,29;75959,04;5,458054;11;3742,4655;0;140;47;0
9058;НОРДИК;2102,2;22674,66;20572,46;1971,82;1,512549;18;300,6424;0;243;96;222,224
К0001083;Ассоциация Техника;29576,2;577509,54;547933,34;-49354,87;51,032571;7;0;0;1558;10;0
К0001089;Чел-Вист-Ком;1293,73;16733,39;15439,66;1293,73;1,620974;9;279,3646;95,77;490;104;350,0556
К0001097;ДИДЖИТЕК (DIGITECH);2060,4;58580,77;56520,37;2060,4;3,38453;23;2477,6933;0;189;31;669,3012
К0001112;Линк-Сервис;254,51;19846,21;19591,7;254,51;1,134476;4;623,0392;14,22;209;144;349,8243
К0001129;Реском ВТ;-881,79;41564,26;42446,05;-881,79;3,56703;76;3014,315;6917,78;854;251;829,1612
К0001150;ЦИФРОВОЙ МИР;461,64;9719,01;9257,37;461,64;1,5741;14;186,607;40,99;157;93;190,398
К0001155;Микромир;81,05;254,79;173,74;81,05;0,009006;5;0;0;56;19;0,5712
К0001159;Сис-Мастер;1232,57;9691,24;8458,67;1232,57;0,412131;25;103,9286;0;200;116;155,6512
К0001160;Рост-М;29,34;816,59;787,25;29,34;0,031623;4;18,3925;0;15;12;17,602
К0001161;Принт-Сервис;2275,88;22829,36;20553,48;2275,88;2,141347;13;165,9692;22,79;634;114;204,5409
К0001163;Чел-Лайт;15,55;61,6;46,05;15,55;0,00288;1;0;0;4;1;2,464
К0001164;Чел-Лантан;-10,16;309,68;319,84;-10,16;0,003341;4;0;0;10;8;12,3872
К0001165;Вектра-Линк;6311,41;145938,78;139627,37;6311,41;17,232027;39;1652,1839;978,9;1901;317;947,328
К0001167;Чел-Акваком;1809,95;28841,66;27031,71;1809,95;1,949228;24;208,7301;18,94;454;150;547,3849
К0001170;Квантум-Си;3,3;608;604,7;3,3;0,000008;1;0;0;1;1;24,32
К0001171;Компьютеры и технологии;41,67;143,33;101,66;41,67;0,01693;1;0;0;5;2;0
К0001173;Чел-Неолоджик;2321,21;38043,23;35722,02;2321,21;3,394792;99;164,7912;354,33;507;254;867,8908
К0001174;Оптимальные  Сетевые решения;479,48;36742,38;36262,9;479,48;3,08354;50;2741,8773;13,1125;437;131;590,9871
К0001176;Гармония;1481,35;213568,04;212086,69;1478,37;32,968465;202;9384,0972;3474,85;3851;809;2653,2956
К0005311;Инфолайф;959,65;11307,7;10348,05;959,65;0,764013;20;50,1002;0;227;61;128,4188
К0005314;ЮниКомп-Пермь;709,24;5534,56;4825,32;709,24;1,254545;14;18,4154;0;123;68;114,4412
К0005409;АШАН;469,95;8297,9;7827,95;496,42;1,715905;12;1357,8349;26,734;1276;84;0
К0005665;Эр-Стайл Урал;-10409,34;53358,22;63767,56;-10409,34;3,96782;52;21313,8606;12495,36;765;165;329,6637
К0005743;Открытые технологии;5030,94;113093,45;108062,51;5880;12,539064;94;3231,8956;49,6408;2164;1071;0
К0006349;ООО ``ИНФОТЕХ``;1538,33;11301,65;9763,32;1538,33;1,134179;24;74,311;1128,26;170;54;114,1404
К0008126;Орион;43,75;567,99;524,24;43,75;0,013324;2;0;0;6;4;0
К0008279;Гридчин П.Е., ИП;2,04;213;210,96;2,04;0,059976;1;0;0;3;1;8,52
К0008369;Чел-EMS;-41,28;2772,05;2813,33;-41,28;0,122059;4;163,428;0;31;15;12,12
К0008387;НОВАКОМ;22618,03;174900,2;152282,17;11691,74;3,402021;33;1136,7075;436,47;502;67;281,421
К0008458;Чел-Ланхост;1,02;22;20,98;1,02;0,004186;1;0;0;1;1;0
К0008482;Градиент;393,66;2403,13;2009,47;393,66;0,314208;4;18,1323;7,9108;259;145;91,254
К0008494;Чел-Санрайз;816,26;9043,17;8226,91;1000,78;0,147294;7;7,0351;0;105;34;0
К0008501;Интеллект;156,68;4108,68;3952;156,68;0,13664;8;22,43;0;17;11;66,2236
К0008502;Форт Диалог-Исеть;-37,94;14428,41;14466,35;-37,94;1,030919;11;0,894;0;245;62;3,186
К0008503;Восточный ветер;49,9;995,96;946,06;49,9;0,05162;2;0;0;3;3;0,92
К0008510;Диалог-Екатеринбург;32518,87;307120,67;274601,8;41948,39;14,861314;89;675,9584;2,91;1912;215;1108,2273
К0008516;ТРИЛАЙН;26562,1;350143,42;323581,32;27562,59;26,081252;112;6276,1359;123,95;10402;1089;1,4991
К0008517;БПА;546,1;7826,06;7279,96;546,1;1,18485;25;62,8628;0;209;78;229,5244
К0008518;КТТ;-2,09;1921;1923,09;-2,09;0,096051;2;0,6;0;10;7;76,84
К0008522;Прайм-техсервис;3341,04;38423,05;35082,01;3341,04;17,444659;189;520,8506;162,22;406;216;409,93
К0008532;ИП Клейменова М.В.;865,59;13862,55;12996,96;865,59;2,295061;17;222,4806;624,05;395;271;293,6562
К0008539;ДиДжиКом (г. Ханты-Мансийск);214,47;3905,76;3691,29;214,47;0,394748;3;45,999;0;280;15;0
К0008542;Чел-Никас;73,34;1981,55;1908,21;73,34;0,255478;4;39,4623;10,76;48;18;55,0184
К0008551;Чел- Папирус;120,93;670,54;549,61;120,93;0,162712;8;0,5641;0;28;11;11,4636
К0008554;ТСМ;28,81;616,27;587,46;28,81;0,01285;2;0;0;2;2;0
К0008555;Пилотные школы;4,4;143,94;139,54;4,4;0,011905;2;1,466;0;13;3;5,7576
К0008557;Лардо;69,34;1751,88;1682,54;69,34;0,083842;5;103,56;0;11;7;10,1504
К0008558;Оптиком;987,81;14281,7;13293,89;987,81;0,460908;26;72,4968;0;123;73;361,9131
К0008578;МКТ Тюмень (г. Тюмень);2,77;22,25;19,48;2,77;0,002565;1;0;0;1;1;0,89
К0008580;ЭРКОМ;1,65;1324,3;1322,65;1,65;0,02685;3;33,69;0;12;4;19,12
К0008581;"Чел-ОфисСервис""";4,11;103,31;99,2;4,11;0,002649;3;0;0;3;3;1,12
К0008589;НовоТехСтрой;809,95;2970,4;2160,45;809,95;0,338238;2;0;0;229;4;19,2
К0008598;Чел-Номинал-Ком;-36,26;510,13;546,39;-36,26;0,00654;9;11,057;0;16;9;19,6852
К0008625;Альфа-Телеком;64,87;504,3;439,43;64,87;0,073872;1;0;0;1;1;0
К0008629;ХайТек;26,76;631,36;604,6;26,76;0,011891;5;9,2094;0;10;10;9,6804
К0008638;Чел-Дитрэк;7096,76;75413,64;68316,88;7096,76;15,324741;42;3103,6062;1324,88;1554;97;632,8708
К0008642;Чел-КЕЛЛИ;168,72;1191,8;1023,08;168,72;0,288448;6;0;0;9;8;0
К0008643;Чел-Алиас;1848,31;21524,81;19676,5;1848,31;2,71054;48;501,6697;74,07;391;85;338,5341
К0008644;Чел-Дайвер;1479,66;19365,85;17886,19;1479,66;4,43003;34;385,2957;0;1060;138;75,2097
К0008646;Чел-УралКАД;48,96;376,02;327,06;48,96;0,14604;2;0;0;22;3;0
К0008647;Энтерпрайз;-3869,38;43431,08;47300,46;-3869,38;10,931745;120;3119,2162;2315,828;943;297;46,0241
К0008649;Хост КС;47226,61;491434,8;444208,19;47226,61;7,388629;43;10309,4127;8462,63;782;177;2,9296
К0008650;ИНТЕРМАСТ;12,55;507,9;495,35;12,55;0,078146;4;20,6706;0;8;7;15,237
К0008651;НАЙФЛ;3075,46;23467,91;20392,45;3075,46;24,441253;12;0;0;114;79;0,123
К0008653;Уралкартцентр;242,28;9349,13;9106,85;242,28;0,240093;12;47,6125;0;185;60;373,9652
К0008658;Зенит;-482,06;534,1;1016,16;-482,06;0,029592;1;0;938,22;2;2;21,364
К0008662;Тетроникс ВТ;120,77;1574;1453,23;120,77;0,001725;1;0;0;1;1;62,96
К0008664;Чел-Энерготехника;34,71;476,7;441,99;34,71;0,004056;3;0;0;9;7;1,764
К0008666;Чел-Салон ВТ;-487,42;14597,88;15085,3;-487,42;2,639914;2;615,7026;0;327;64;572,868
К0008670;Нексус;1229,08;3760,78;2531,7;1229,08;0,184638;15;0;0;263;53;0
К0008672;"ООО ""Радиотек""";557,58;2488,8;1931,22;557,58;0,000479;1;0;0;12;1;99,552
К0008675;СистемсХаус;252,84;2473,16;2220,32;252,84;0,103068;5;1,1538;0;17;14;70,0596
К0008676;Амальгаут;-1783,45;21906,27;23689,72;-1783,45;1,621567;19;2161,46;0;214;34;36,0246
К0008679;Урал-Интеграция;37097,15;449991,43;412894,28;37356,99;7,338939;22;12284,2907;0;426;109;0
К0008685;КОРГ;412,19;6367,57;5955,38;412,19;0,466834;9;101,38;0;146;24;86,9232
К0008688;УЦПТ;1284,18;28447,1;27162,92;1284,18;3,61373;39;4,2;0;205;83;0,2115
К0008689;ТехноСтайл;15098,64;67152,02;52053,38;15098,64;2,423055;50;88,5952;10,58;298;135;259,1973
К0008690;ПАРАД;621,37;46169,23;45547,86;621,37;7,271635;32;1465,5776;1147,74;519;127;818,5104
К0008693;Чел-МВТ Плюс;75,38;917,25;841,87;75,38;0,138688;2;2,14;0;8;7;36,69
К0008710;Орсер;352,95;6699,2;6346,25;352,95;0,384437;5;129,61;0;37;16;6,345
К0008712;Чел-Инсит;497,32;5126,46;4629,14;497,32;0,274985;21;2,253;0;75;43;12,7152
К0008715;Чел-Пейджерком;11404,37;139898,18;128493,81;11404,37;8,378798;27;240,5635;0;684;55;1605,9765
К0008717;ИнтеркомУрал;238,7;937,02;698,32;238,7;0,141969;11;0;0;113;19;7,8018
К0008719;Лидер;9,15;113,85;104,7;9,15;0,00632;2;0;0;3;2;2,66
К0008722;Паритет (г. Курган);4166,4;64724,57;60558,17;1011,46;11,846844;18;219,142;19,94;1392;69;967,4308
К0008730;Чел-ИнТорКон;-1210,75;6702,15;7912,9;-1210,75;2,09916;1;1411,8145;0;105;1;0
К0008735;Навигатор;638,87;7827,1;7188,23;638,87;0,529564;6;0;0;21;12;100,7272
К0008737;НОВИТОН;446,13;4862,97;4416,84;446,13;0,685574;31;20,7668;0;540;155;91,8452
К0008738;Чел-Инж.центр 2;11,95;92,56;80,61;11,95;0,0005;1;0;0;2;1;0
К0008739;Чел-Мир компьютеров;-9,11;4801,81;4810,92;-9,11;0,90258;16;138,457;0;75;58;123,768
К0008741;Паритет;56,26;2132,81;2076,55;56,26;0,066109;16;4,3424;0;37;17;38,9643
К0008745;Территория ПК;2243,81;61352,42;59108,61;2243,81;4,83144;71;1314,4243;0;750;399;1136,3844
К0008747;АйТи-Практика;774,71;6265,5;5490,79;774,71;3,2218;11;0,0524;0;745;46;17,7048
К0008750;Айтекс-ру;190,04;9431,83;9241,79;190,04;0,364674;30;150,5625;2,4;107;76;347,888
К0008751;Чел-Сириус;-5400,25;4081,54;9481,79;-5400,25;2,360152;8;2493,9084;3881,13;89;65;18,4952
К0008755;ХайЭндХаус;1027,18;8671,56;7644,38;1027,18;0,859463;7;0,26;0;24;10;53,5048
К0008760;Стройрегионснаб;14,82;360,8;345,98;14,82;0,081016;2;4,15;0;7;6;14,432
К0008762;ТураТелеком  (г. Тюмень);171,65;1863,16;1691,51;171,65;0,14888;2;0;0;18;6;0
К0008767;ДатаКрат-Е;-73,06;504,05;577,11;-73,06;0,046914;3;94,46;0;3;3;4,548
К0008771;Чел-ТСК;795,36;6443;5647,64;795,36;0,197316;2;0;0;19;4;7,56
К0008774;УЗВТ;3812,06;33740,87;29928,81;3812,06;2,563497;8;35,676;0;297;32;1337,7048
К0008776;Чел-КГС;85,74;470,04;384,3;85,74;0,030612;5;0;0;31;7;34,1256
К0008809;YAGO (г.Тюмень);4699,88;24490,32;19790,44;7442,58;3,52037;14;19,36;19,36;68;46;286,1956
К0008812;ИНЭКС-техника (г. Тюмень);106,49;958,36;851,87;106,49;0,204389;8;28,67;0;58;12;17,5936
К0008814;СофтВорк;310,31;5759,79;5449,48;310,31;0,875677;11;40,411;0;39;32;61,0216
К0008817;ЗСНС  (г. Тюмень);-3010,46;85076,85;88087,31;-3935,37;4,222561;27;9796,0276;0;488;78;449,7227
К0008821;Урал-Бюро Е.С.М;995,35;9023,05;8027,7;995,35;0,882284;41;262,1612;0;116;57;86,7933
К0008829;ЭСТИ;4910,57;52975,38;48064,81;4910,57;3,23215;23;1252,0466;0;278;52;468,406
К0008834;Бета-Тек;2692,6;9112,15;6419,55;2692,6;1,242593;29;15,5901;0;75;39;51,0456
К0008846;Виндекс (г.Тюмень);1734,93;31650,3;29915,37;1734,93;0,496431;8;0;0;94;18;69,5665
К0008853;Чел-ЛинМарк;138,06;1337,29;1199,23;138,06;0,154849;8;0;0;21;21;0
К0008856;КИТ;4524,73;124797,55;120272,82;4524,73;17,107204;19;1320,8464;2235,77;1044;157;1245,4416
К0008860;Чел-Интеллектуальные системы_1;864,13;17257,31;16393,18;864,13;2,833539;42;145,8954;410,37;229;118;408,0624
К0008867;ЛанХост-Урал;1310,49;7991,64;6681,15;1310,49;0,684865;5;5,856;0;1112;13;0
К0008874;НАГ.ру;-3567,41;39195,48;42762,89;-3567,41;0,956672;19;5992,8551;0;145;46;951,498
К0008876;Чел-РТК;36043,19;411553,86;375510,67;36043,19;14,011782;31;58,5262;0;6974;104;11389,7566
К0008877;Чел-Континент;271,73;1902,83;1631,1;271,73;0,143885;8;0;0;59;22;0
К0008888;ООО «ИКЦ» (г. Тюмень);578,51;3304,58;2726,07;578,51;0,504703;7;2,75;0,584;55;18;37,7856
К0008891;Чел-Джант 3;805,62;8093,98;7288,36;805,62;0,547833;3;142,317;230,71;711;64;136,8316
К0008911;ХОСТ Спб;3595,36;67455,99;63860,63;3595,36;0,022411;4;0;0;50;10;0
К0008913;Чел-НТЦ КС;313,36;10946,63;10633,27;313,36;0,611075;10;57,8225;0;50;22;152,7732
К0008914;MC-TRADE;2102,08;13976,43;11874,35;2102,08;1,928179;8;136,0237;0;682;113;129,4002
К0008916;Чел-Техсистемс;120,35;1600,6;1480,25;120,35;0,351208;14;8,3555;136,94;46;22;22,1
К0008918;Арт-Профи;-223,54;10607,65;10831,19;-223,54;0,569139;25;663,1494;1631,03;110;81;286,974
К0008919;Оптивера-2;5129,23;64126,77;58997,54;5129,23;5,59842;33;710,9892;0;543;94;490,6092
К0008925;УЦСБ;145163,44;1005411,2;860247,76;145163,44;114,527176;70;4479,8718;9,7794;8407;457;473,9472
К0008926;Чел-Информ решения;501,97;7035,57;6533,6;501,97;1,346286;29;95,6708;0;125;51;179,2048
К0008931;ГрандМаркет (г. Тюмень);755,61;5769,03;5013,42;755,61;0,52583;17;0,2284;40,34;213;53;122,9088
К0008933;Чел-Альт 3;155,15;792,89;637,74;155,15;0,052442;2;0;0;7;6;17,6712
К0008937;Чел-Ньютон;891,57;23954,95;23063,38;891,57;3,175008;32;1707,88;4597,4;487;144;531,7604
К0008938;Авеон;5163,19;82163,08;76999,89;5163,19;6,686765;83;658,6853;73,26;1056;280;1206,897
К0008940;Чел-КТС2;1242,46;10310,01;9067,55;1299,84;0,81662;26;48,5198;16,79;186;75;31,5486
К0008942;Солярис-Е;3368,77;34848,65;31479,88;3368,77;4,941414;19;154,703;51,54;5564;102;451,0601
К0008962;Информ-Е;7,01;46,69;39,68;7,01;0,000495;1;0;0;1;1;0
К0008964;Чел-КОНСТАНТА;316,64;2543,16;2226,52;316,64;0,274506;12;30,921;0;37;21;27,3704
К0008967;Портал (г.Тюмень);326,81;3545,5;3218,69;326,81;0,428273;14;52,6865;0;53;47;61,8272
К0008968;МКК;297,15;3559,41;3262,26;297,15;0,484227;11;38,0884;0;44;31;93,6672
К0008973;Уралэнерготел;5502,51;26985,76;21483,25;5502,51;2,023751;11;0;0;37;31;539,4588
К0008978;"ООО ""СетьСнабСервис"" (г. Тюмень)";166,69;2969,18;2802,49;166,69;0,193129;3;0;0;9;7;118,7672
К0008987;НОРД;24643,71;309980,32;285336,61;25516;144,648067;228;6584,2085;752,81;3674;1290;0
К0008992;Чел-Интехсервис;9,22;87,78;78,56;9,22;0,005184;1;0;0;1;1;0
К0009000;Чел-Абиком;551,66;3178,73;2627,07;551,66;0,324713;11;10,862;0;68;15;9,752
К0009001;Телесен;101,25;4450,89;4349,64;101,25;0,207236;4;1,2542;0;16;10;8,34
К0009008;Формула Безопасности;576,2;6903,29;6327,09;576,2;0,827605;3;7,224;0;11;8;55,4188
К0009009;Автограф;1045,66;5033,26;3987,6;1045,66;0,320195;15;0;0;58;22;17,6349
К0009022;Чел-ИП Устинов;311,41;31790,72;31479,31;259,47;4,740386;34;744,2762;889,97;551;147;458,1276
К0009024;Ай-Си-Эс  (г. Тюмень);14,03;468;453,97;14,03;0,042653;2;3,45;0;2;2;8,52
К0009029;Квадрум7;794,18;13538,52;12744,34;794,18;0,631413;34;400,8965;102,95;214;58;198,4776
К0009031;Оргтехника Плюс;545,27;2327,88;1782,61;545,27;0,298664;8;61,8191;0;41;17;15,1828
К0009042;Пилигрим-М (г.Тюмень);1872,78;21922,7;20049,92;1872,78;1,665477;11;39,462;0;81;50;618,2652
К0009043;Чел-С-КС;1973,42;24641,04;22667,62;1973,42;9,398889;48;1286,2972;3114,1;3619;100;537,0032
К0009052;Чел-Велес;169,93;1919,43;1749,5;169,93;0,220902;2;0;0;2;2;58,12
К0009057;Чел-Ален;824,51;4280,35;3455,84;824,51;0,4469;6;0;0;40;11;0
К0009058;Дипломат;373,89;3665,6;3291,71;373,89;0,225677;15;4,1886;0;31;24;0
К0009059;Чел-Техника;24061,39;161795,14;137733,75;24073,24;67,319952;31;358,7842;870,43;3121;492;67,55
К0009069;ПСЛ-Софт (г. Курган);1399,5;11509,52;10110,02;1399,5;1,940002;38;105,4875;164,94;163;83;210,74
К0009072;Офис-сервис;109,45;1526,59;1417,14;109,45;0,26738;3;17,029;0;36;21;52,4076
К0009080;Гарант компьютер 4;256,67;5674,05;5417,38;256,67;0,311807;27;88,4782;0;103;48;185,7588
К0009090;Альфа и К (г. Тюмень);936,69;4961,04;4024,35;936,69;0,86367;10;16,02;57,93;97;35;60,5952
К0009095;АТ-Электроникс;16,48;355;338,52;16,48;0,09996;1;0;0;5;1;0
К0009096;Эврисейл (г.Тюмень);398,02;3418,83;3020,81;398,02;0,470123;12;2,565;0;90;28;16,2609
К0009111;ИП Пинигин С.В.;30,68;2057,84;2027,16;30,68;0,171842;5;46,736;0;30;22;35,5635
К0009115;МБК (г. Курган);1088,69;22045,25;20956,56;1088,69;3,067393;11;509,3518;51,5354;574;203;394,3197
К0009120;Соло-техник (г. Тюмень);1475,12;19331,44;17856,32;1475,12;3,221516;35;298,6334;40,34;180;85;346,05
К0009123;Чел-Inpro;732,67;13535,41;12802,74;732,67;1,143654;4;78,2138;80,67;152;75;317,8408
К0009128;Елизаров (г. Шадринск);239,81;8424,48;8184,67;239,81;2,081581;11;401,3383;431,128;226;133;173,4928
К0009130;Цифровые системы;368,79;19421,99;19053,2;368,79;1,913374;55;1332,1777;3183,75;296;145;295,5864
К0009134;Большие Системы;2568,28;24135,33;21567,05;2568,28;3,87304;8;30,5601;0;31;23;0
К0009136;Чел-Серв;-126,62;320,64;447,26;-126,62;0,1416;1;136,2392;0;1;1;0
К0009137;Чел-Омега;15,28;1167,03;1151,75;15,28;0,0181;7;3,55;0;15;8;39,1492
К0009139;МаГ-НиТ  (г.Тюмень);90,09;831,66;741,57;90,09;0,014728;1;0;0;9;5;0
К0009143;Эльбит;2073;230935,49;228862,49;4810,24;11,355818;57;24840,694;35478,79;880;267;572,6308
К0009154;Мастер АйТи Трэйд (г. Тюмень);49,07;666,75;617,68;49,07;0,065385;1;0;0;6;5;26,67
К0009159;Эксперт (г. Краснотурьинск);2734,84;18443,26;15708,42;2736,86;8,894264;5;118,1527;0;623;138;0
К0009165;Тринити Урал;18877,22;137861,16;118983,94;18877,22;4,960486;24;44,135;40,52;317;57;0
К0009171;Чел-Принт;0,98;16,7;15,72;0,98;0,003192;1;0;0;2;1;0,668
К0009179;РегионКАД (г.Тюмень);516,36;8650,93;8134,57;516,36;0,528516;19;176,1502;0;136;76;0
К0009181;Чел-Стринг;-5,36;296,82;302,18;-5,36;0,001993;3;3,3075;0;8;6;11,8728
К0009185;УТС;2065,38;26798,93;24733,55;2065,38;2,8798;29;457,9412;0;370;106;539,1998
К0009194;Чел-ИП Гладков_1;137,36;546,51;409,15;137,36;0,052397;1;0;0;251;30;0
К0009242;ПроНет (г. Сургут);525,1;2655,29;2130,19;525,1;0,168535;4;108,33;0;37;9;59,644
К0009323;Крона- КС 1;87890,14;1211027,6;1123137,46;91576,3;72,882086;125;15982,7916;1002,65;7361;767;3131,9786
К0009411;Вимком-Оптик;616,9;3705,51;3088,61;616,9;0,148536;5;0;0;17;9;6,0444
К0009428;Уралчермет1;4,84;48,5;43,66;4,84;0,00115;1;0;0;10;1;1,94
К0009450;Чел-Сектор-Групп;2576,33;20797,67;18221,34;2576,33;0,244783;8;0;0;233;11;30,6088
К0009469;Эксклюзив (г. Тюмень);3545,28;23185,29;19640,01;3545,28;5,445596;29;60,8997;21,37;360;73;336,144
К0009470;ЮНИТ-Копир;50546,62;563968;513421,38;67895,24;61,451249;116;5403,4579;200,31;4415;438;24,5175
К0009491;Чел-ИП Богадзевич ЛА;286,36;9997,59;9711,23;286,36;1,245232;21;312,4605;381,52;126;78;242,6108
К0009510;Прософт-Системы;4650,26;112427,08;107776,82;4650,26;4,851293;76;608,9136;0;1103;140;1928,6616
К0009522;Чел-КомПорт2;374,2;2370,2;1996;374,2;0,58124;8;3,603;0;20;16;19,664
К0009533;Чел-Армада 1;20147,31;99342,99;79195,68;20166,21;58,280266;50;292,1742;0;1059;859;0
К0009537;СЦК;112,64;1056,97;944,33;112,64;0,290312;6;0;0;228;12;0
К0009551;Чел-Прокси 10;26,27;1734,59;1708,32;26,27;0,157941;11;24,9988;0;38;36;62,0364
К0009631;Чел-Полиграф-Центр;23,24;278,7;255,46;23,24;0,001898;1;0;0;3;3;0
К0009666;Эй-Си-Эс;5717,52;32191,95;26474,43;4868,48;7,923173;10;1123,4546;0;4363;26;0
К0009674;СКС;2259,57;23145,77;20886,2;2259,57;3,931173;47;115,4229;2623,02;248;115;278,9912
К0009730;Бином;60,57;1431,3;1370,73;60,57;0,81706;2;0,07;0;3;3;0
К0009756;Чел-Навигатор;9,86;151,94;142,08;9,86;0,008442;1;0;0;1;1;6,0776
К0009757;Чел-Офис-Сервис;95,92;1227,07;1131,15;95,92;0,12252;13;39,2775;16,49;54;23;19,3272
К0009799;ИП Евсеев А.М. (г. Заводоуковск);2930,25;49671,83;46741,58;2930,25;25,365137;20;2051,5929;230,34;585;254;12,342
К0009930;Урал-Интеркард;-3042,28;5648,64;8690,92;-3042,28;1,574277;3;962,2994;2600,02;77;65;0
К0009932;БиК;25,93;216;190,07;25,93;0,000234;1;0;0;8;2;8,64
К0010043;Корекс (г. Курган);1987,89;15772,41;13784,52;1987,89;4,076841;17;155,1595;24,126;164;40;351,5224
К0010108;Катран ИТ;-9,27;595;604,27;-9,27;0,03388;2;0;0;14;2;23,8
К0010114;Забегалов А.В.;7987,33;44415,22;36427,89;7987,33;6,121766;9;0;0;24188;903;0
К0010128;Профитроль;-11,19;5106,35;5117,54;-11,19;0,895467;7;220,2625;1427,17;71;14;79,034
К0010149;Леонов Р.О.;328,06;2483,21;2155,15;328,06;0,561794;14;13,27;0;186;55;76,6044
К0010197;Аргумент;19992,22;139959,96;119967,74;19989,12;87,950734;51;888,3348;0;781;340;0
К0010430;МаксиТрейд;16,65;697,09;680,44;16,65;0,540865;6;26,97;0;7;7;9,21
К0010431;Полыгалов Н.Л.;838,1;7779,41;6941,31;838,1;3,092201;16;81,2811;70,35;538;232;146,692
К0010435;Хостел;135,43;693,2;557,77;135,43;0,15474;3;0;0;9;3;13,86
К0010455;Армо-Урал;-176,71;8537,59;8714,3;-176,71;0,48998;2;477,699;0;16;5;88,8
К0010464;ИнтеллектСтрой ООО;1135,89;29723,25;28587,36;1135,89;2,125274;17;531,425;0;2497;42;0
К0010528;ГАРДИАН;170,16;640,81;470,65;170,16;0,021065;6;0;0;39;10;0
К0010555;Кардис;28,15;194,87;166,72;28,15;0,014701;3;0;0;5;4;0
К0010573;ШОП.В;1543,64;17560,57;16016,93;1543,64;7,119534;70;397,6977;0;197;133;205,0169
К0010677;Чел-КомСиС;-64,46;2623;2687,46;-64,46;0,295117;1;0;0;205;4;0
К0010708;СТК (г. Тюмень);-23,05;31,09;54,14;-23,05;0,001541;1;52,16;53,86;28;8;0
К0010729;"ЗАО ""Гранит Информ""";547,66;9024,9;8477,24;547,66;0,693455;9;232,6664;0;35;24;66,6476
К0010849;Октава;322,14;2714,44;2392,3;322,14;0,417212;15;14,523;0;41;33;0
К0010879;Райдо-Сервис;-50,74;5614,05;5664,79;-50,74;0,613554;13;272,2888;530,29;62;36;92,1384
К0011090;HP-Екатеринбург;4398,16;37834,22;33436,06;4398,16;5,332626;3;433,5372;0;106;66;30,6564
К0011260;АпгрейдКом, ООО;20,01;823,6;803,59;20,01;0,030313;2;4,01;0;5;4;10,744
К0011345;Глобал-Технолоджис;-415,93;37073,46;37489,39;-415,93;3,147791;7;1377,9635;0;138;28;51,34
К0011497;СмартСистем;9,04;220;210,96;9,04;0,0076;1;0;0;2;2;8,8
К0011508;Гравитон;350,69;7956,21;7605,52;350,69;0,345927;32;49,81;0;77;54;211,0064
К0011558;Телеком-Защита;12271,87;145571,98;133300,11;58566,66;0,6774;2;0;0;11;9;0
К0011575;Чел-Позитроника Магнитогорск;479,02;2017;1537,98;479,02;0,812509;4;0;0;50;12;32,7816
К0011634;Ортикс и К;252,83;2555,89;2303,06;252,83;0,11497;14;15,2803;0;68;39;46,7324
К0011730;СвязьЭлектро;161,36;2200;2038,64;161,36;0,297;1;0;0;3;2;0
К0011760;НР Системс;191,21;2697,43;2506,22;191,21;0,151294;3;7,2843;0;115;41;93,902
К0011840;Инвента, ООО;320,5;2657,81;2337,31;320,5;0,352427;12;29,063;166,06;101;34;44,1768
К0011917;Комплектующие Информационно-Вычисли;224,97;3735,14;3510,17;224,97;0,698394;11;45,172;151,48;56;50;88,54
К0012132;ТЭВТС  (г. Тюмень);91,52;396;304,48;91,52;0,098;1;0;0;4;1;15,84
К0012307;Поклонская Е.А.;106,29;1047,08;940,79;106,29;0,08171;2;26,3791;27,7;131;112;39,2548
К0012422;ПРАЙД КОМПЬЮТЕРС;3032,41;25485,3;22452,89;3032,41;2,657775;58;405,0882;57,9859;481;166;415,2351
К0012431;Клг-Лайт Коммуникейшн Калуга;20002,53;66848,54;46846,01;20002,53;5,910254;12;0;0;20540;50;44,8464
К0012443;Домнин В.А.;-2490,38;4914,22;7404,6;-2490,38;0,566211;9;1889,6749;4060,56;193;114;190,2544
К0012500;Круглов С.А.;89,15;521,51;432,36;89,15;0,123234;2;3,3727;0;27;25;12,436
К0012594;Меньшиков (г. Катайск, Курганская область);-411,47;11016,7;11428,17;-411,47;0,590273;20;686,6091;439,13;277;137;202,5252
К0012651;Иж-ПЭЩ;2,3;22,15;19,85;2,3;0,00054;1;0;0;3;1;0
К0012671;Кавардаков О.В.;23,56;295,96;272,4;23,56;0,005519;3;0;0;64;12;11,8384
К0012748;Максима (г. Курган);1965,94;10542,17;8576,23;1965,94;0,705173;11;27,1375;359,07;107;23;101,7016
К0012770;Урал-Минольта;40,07;95,05;54,98;40,07;0,014112;1;0;0;2;1;0
К0012859;Томилова А. Г.;54,86;88387,9;88333,04;54,91;10,234244;33;4411,3642;3510,66;1166;574;1687,5912
К0012998;Чел-РДМ-Магнитогорск;172,75;2815,7;2642,95;172,75;0,224072;6;0;0;10;8;13,72
К0013007;ОЛТЭКС;152,15;1851,26;1699,11;152,15;0,223307;6;15,2663;0;27;25;55,748
К0013038;Нейман;427,7;4618,54;4190,84;427,7;0,718955;7;0;0;19;7;120,048
К0013040;Цифра (г. Курган);316,28;1520,75;1204,47;316,28;0,234159;8;0;0;39;11;21,668
К0013105;ГУДКОМ;1265,19;13467,48;12202,29;1265,19;0,34515;6;0,2941;0;15;11;522,4384
К0013123;Урал-Максима (г. Новоуральск);259,43;13166,12;12906,69;281,48;1,065627;28;580,5316;279,0064;232;95;76,6024
К0013130;Евроникс;10872,01;101249,68;90377,67;11032,49;62,939385;53;1387,5085;19897,0248;588;320;11,2071
К0013311;"ООО ""Нефтеком"" (г.Тюмень)";244,1;2052,39;1808,29;244,1;0,310401;2;0;110,85;96;12;58,99
К0013361;С-Проф;184,84;2095,82;1910,98;184,84;0,428371;8;154,7255;0;11;11;0
К0013375;Чел-Сталкер;-785,2;10121,06;10906,26;-785,2;1,642009;49;2470,5728;2911,24;235;118;239,5048
К0013397;Чел- Сетевые Решения;260,7;5706,89;5446,19;260,7;0,673977;17;95,25;0;59;31;100,2844
К0013469;ИТСК;54,94;770;715,06;54,94;0,00768;1;0;0;4;1;30,8
К0013489;ЕСЛ Корд;323,75;1810,08;1486,33;323,75;0,30536;3;0;0;8;3;0
К0013615;"ООО ""Связьсервис""";18,86;119,9;101,04;18,86;0,014664;1;0;0;1;1;4,796
К0013648;Национальные проекты (г. Ханты-Мансийск);462,54;3200,94;2738,4;462,54;0,094509;6;0;0;23;9;0
К0013722;Сарыков А.С.;357,9;5698,32;5340,42;357,9;0,578529;4;80,4604;90,25;175;123;165,1668
К0013731;Дисконт (г. Курган);24,05;161,7;137,65;24,05;0,01232;1;0;0;1;1;6,468
К0013736;Комплексные решения;321,94;2170,91;1848,97;321,94;0,068089;5;1,29;1,2;118;20;74,5648
К0013797;"ЧЕЛ- ООО ""IT-Профи""";331,77;5662,91;5331,14;331,77;0,324964;14;40,3244;0;68;37;177,2248
К0013851;Эксперт-Первоуральск;-292,04;9383,19;9675,23;-292,04;0,447798;11;517,0749;75,75;305;137;299,3564
К0013893;ИП Фраас Е.В.;559,28;3450,24;2890,96;559,28;0,87992;4;34,3006;33,47;120;70;48,2712
К0013897;"ЗАО ""СЕДА-Линк"" (г.Сургут)";806,64;9955,04;9148,4;806,64;0,137937;5;0;0;17;8;252,825
К0013925;Спектр РС;28,96;128,21;99,25;28,96;0,000714;1;0;0;3;2;0
К0013938;Центр-Инвест;84,64;826,76;742,12;84,64;1,248324;1;0;0;1;1;0
К0013965;АТМ;127,25;4070,12;3942,87;127,25;0,108923;9;102,53;0;39;11;141,6704
К0013982;Половников А.В.;224,41;4179,57;3955,16;224,41;0,43995;8;135,7937;52,74;169;58;135,6512
К0014086;ИТ 4 ВСЕХ;959,24;14996,89;14037,65;959,24;2,683014;18;205,3191;0;144;44;93,4683
К0014120;"ООО  ""Интерсвязь-2""";-9281,62;163126,58;172408,2;-9281,62;13,874101;23;161,3388;0;2008;53;397,5502
К0014122;Энергогарант-Пермь;465,79;1751,16;1285,37;465,79;0,327617;9;0;0;295;44;0
К0014140;Чипсет (г. Курган);1598,09;15432,77;13834,68;1598,09;1,753864;15;85,3352;0;416;125;375,7036
К0014337;Бизнес-Логика;117,95;1710,96;1593,01;117,95;0,180865;4;67,53;67,53;6;4;63,9692
К0014428;Сатурн;166,59;1052,44;885,85;166,59;0,040245;2;0;0;14;5;27,6976
К0014546;Актеон;403,38;12706,78;12303,4;382,71;2,403167;28;303,2043;143,48;472;186;388,4336
К0014603;ТехЦентр Электро;114,26;2462,68;2348,42;114,26;0,19034;6;0,155;0;19;17;80,4876
К0014627;Копи-мастер (г. Каменск-Уральский);-2,7;1198,41;1201,11;-2,7;0,007969;8;0,96;0;11;8;47,9364
К0014661;Интего;3034,01;50506,02;47472,01;3034,01;6,507938;44;-590,1889;702,6706;713;84;437,5576
К0014768;ИТ-комплект;161,43;4206,76;4045,33;161,43;0,398445;11;51,0246;0;154;46;94,3628
К0014862;РОССИ (г. Нефтеюганск);87,68;10744,87;10657,19;87,68;2,425767;3;0;0;72;15;397,9332
К0015020;Сервис-копир;552,33;5910,57;5358,24;552,33;0,63779;19;68,44;68,44;93;54;0
К0015042;Седьмая система;355,6;34032,82;33677,22;355,6;5,94012;4;827,32;0;1807;10;0
К0015050;Уникум Групп;365,89;1834,56;1468,67;365,89;0,282523;10;0;0;686;64;0
К0015063;ДАНИ-Групп;418,48;1507;1088,52;418,48;0,280646;4;0;0;195;28;6,086
К0015503;АйДи-Электро;48,2;1362,65;1314,45;48,2;0,057981;5;80,8541;0;16;10;6,48
К0015632;Чел-Ай-Ти Сервис Маг;465,17;4850,74;4385,57;521,39;1,261017;13;233,9923;249;135;32;4,186
К0015691;Семиком;-42,91;837,03;879,94;-42,91;0,022718;5;28,328;0;23;7;28,676
К0015715;Информинг;75,7;752,72;677,02;75,7;0,028613;1;0;0;2;2;0
К0015742;Электроинвест;94,75;671,73;576,98;94,75;0,377691;2;0;0;2;2;0
К0015789;Тимонин Е.Н.;7,78;51;43,22;7,78;0,031406;1;0;0;1;1;2,04
К0015845;Чел-УМС;7,89;27;19,11;7,89;0,002112;1;0;0;1;1;1,08
К0016126;Федоров М.А.;11,37;1393,8;1382,43;11,37;0,291935;4;25,0177;0;40;24;46,7
К0016151;Запретная зона  (г. Тюмень);211;2657,06;2446,06;211;0,179053;12;1,719;0;38;21;103,314
К0016285;АйТи-Проф  (г. Тюмень);818,51;8679,1;7860,59;818,51;1,555316;14;0;0;244;26;319,3852
К0016306;Интеллиум;2478,5;11876,59;9398,09;2478,5;1,470213;25;0;438,69;68;43;110,3893
К0016369;Адитум-Софт;1275,81;17131,94;15856,13;1275,81;2,555993;5;27,2913;0;44;10;0
К0016452;АйТи Город;94,31;702,46;608,15;94,31;0,021935;1;0;0;20;5;28,0984
К0016519;Варис;67,82;619,33;551,51;67,82;0,049097;2;0;0;5;4;0
К0016550;ЛИСТ (г. Тюмень);-60,48;2857,23;2917,71;-60,48;0,547404;15;34,6693;188,83;77;59;71,6304
К0016627;Кобелев А.В.;384,81;3927,01;3542,2;384,81;0,265076;5;4,78;0;17;10;18,3728
К0016657;Кудымова Н.А.;3853,79;30600;26746,21;3853,79;4,090549;33;1021,7933;647,01;741;498;299,444
К0016725;"ООО ""Техноритейл""";2523,81;18057,93;15534,12;2523,81;1,073237;12;6,5242;574,7;92;24;9,232
К0016771;ИНИТ-ПК;554,89;8740,63;8185,74;554,89;0,790241;13;258,8183;0;74;24;196,0128
К0016850;Золушка;1513,08;19177,47;17664,39;1513,08;2,608771;74;215,0114;356,2;602;398;356,9433
К0016930;Кузнецов В.Н.;553,01;4650,42;4097,41;553,01;0,091451;2;123,585;0;64;8;95,8
К0016949;Комлайн;1364,99;33265;31900,01;1364,99;2,444689;29;689,9413;330,38;1255;447;889,4736
К0016991;ИП Кирюшин А. С. (г. Ялуторовск);67,95;513,72;445,77;67,95;0,164958;4;0,1036;0;54;20;12,842
К0016994;ЮЦАБ (г.Сургут);1215,39;10155,85;8940,46;1215,39;0,693472;10;4,9974;0;20;16;8,9496
К0017029;ИП Еськов А.Н. (с.Юргинское);36,39;383,39;347;36,39;0,211523;1;0;0;3;1;0
К0017069;Компания Медиа Плюс;886,56;15524,8;14638,24;886,56;1,324022;19;2,142;0;334;76;33,2835
К0017176;Тик;474,91;3856,92;3382,01;474,91;0,723712;13;2,2545;0;79;34;120,4068
К0017286;Охулков ИП (г. Шадринск);-311,32;1246;1557,32;-311,32;0,000214;1;0;0;35;1;49,84
К0017313;"ООО Инженерное предприятие ""В-ГИС""";10,22;2339,02;2328,8;10,22;0,366062;23;122,5681;0;78;56;77,036
К0017391;"ООО ""Центр-СБ"" (г.Тюмень)";20,95;675;654,05;20,95;0,0864;1;0;0;1;1;0
К0017529;Поликарпов А.А.;237,64;2715;2477,36;237,64;0,5742;1;0;0;150;1;0
К0017626;АльянсПринт;492,32;3927,96;3435,64;492,32;0,371445;17;3,19;0;87;47;118,6656
К0017693;Электроника;970,91;19249,76;18278,85;1230,89;16,523903;10;73,974;0;125;94;0
К0017718;"ООО ""РегионГрупп""";76,56;3395,81;3319,25;76,56;0,133935;14;35,47;0;47;26;86,9108
К0017719;ССК (г. Тюмень);81,89;1248,56;1166,67;81,89;0,222754;9;4,6565;0;50;20;49,9424
К0017769;ИП Молоков А.Е. (г.Тюмень);336,61;6179,08;5842,47;336,61;0,413663;22;21,4516;194,36;250;96;116,8092
К0017771;Верхоланцев Д.Г.;52,42;228,92;176,5;52,42;0,059549;4;0;0;83;17;0
К0017777;СВАН;-390,7;98;488,7;-390,7;0,006936;1;0;488,68;2;1;3,92
К0017793;НБК;363,87;1082,7;718,83;363,87;0,096284;2;0;0;700;21;0
К0017813;РК-Проект;3649,5;34239,75;30590,25;3649,5;3,458222;9;55,7434;0;69;33;21,84
К0017949;Полином  (г. Сургут);6281,31;101131,95;94850,64;6281,31;1,251377;7;7620,206;0;84;23;616,4324
К0017951;КОПИЛЭНД (г. Тюмень);48,35;772,55;724,2;48,35;0,00294;1;0;0;1;1;0
К0018016;"ООО ""НадеждА""";263,81;6730,02;6466,21;263,81;0,133477;13;54,2491;56,7;75;25;27,2568
К0018028;"Иж-ЭТК ""ТОК""";1344,09;11070,29;9726,2;1344,09;1,259909;8;0;0;8580;63;0
К0018095;Чернышева А.П.;55,23;2168,96;2113,73;55,23;0,268811;3;42,3818;160,12;80;48;70,3464
К0018122;"ООО ""Оргтехцентр""";-26,8;452;478,8;-26,8;0,0264;1;81;0;2;1;0
К0018216;ТехноКомРесурс;-2415,54;63116,71;65532,25;-2415,54;10,031272;35;2952,4925;148,64;3536;116;234,3657
К0018246;Техномаркет Каменск-Уральский;10200,69;101275,93;91075,24;10201,6;44,505592;29;573,5073;11,57;1456;269;6,1737
К0018247;Радькова Е.А. (г. Нефтеюганск);1714,87;22299,32;20584,45;1714,87;3,487773;10;174,24;0;160;43;467,5463
К0018310;Метафрейм;465,43;5636,01;5170,58;465,43;0,43548;11;0,3215;0;74;57;96,4436
К0018361;Тайле Пермь;16,35;158,24;141,89;16,35;0,0087;1;0;0;2;1;6,3296
К0018466;ЯЯПермИнТех, ООО;242,18;874,42;632,24;244,82;0,315836;2;0;0;25;8;0
К0018530;Остров (г.Тюмень);43,5;2651,29;2607,79;43,5;0,371749;7;46,816;0;41;40;106,0516
К0018589;Семенищев С.А.;48,89;4130,19;4081,3;48,89;0,817309;12;149,4579;0;116;60;155,7856
К0018619;Вшивков Л.В.;208,93;5273,55;5064,62;208,93;0,528761;4;13,21;36,47;59;29;177,5952
К0018645;АльянсКомплект;46,16;634,24;588,08;46,16;0,03555;2;0;0;8;5;2,56
К0018692;ИП Иванов Эдуард Михайлович;82,75;2618,74;2535,99;82,75;0,027654;4;0;0;52;31;0
К0018709;Чел-АнКом;522,14;13183,77;12661,63;522,14;3,064865;25;400,667;0;273;94;269,56
К0018830;ПермьЭлектроСервис, ООО;3437,77;14548,76;11110,99;3437,77;2,180653;8;0;0;2487;72;132,1644
К0018924;Системкрафт;125,14;4341,99;4216,85;125,14;0,774239;18;42,2606;169,89;35;29;63,5625
К0018927;Астра  (г. Тюмень);2343,02;27372,99;25029,97;2343,02;2,864711;11;244,7158;156,79;398;172;428,0901
К0018982;Е96;90418,51;601945,73;511527,22;91009,94;312,311049;176;3569,2579;12,7432;2780;2518;0
К0019150;АДДАКС;-21,4;1176,87;1198,27;-21,4;0,292795;8;56,203;310,4;20;14;28,9536
К0019288;СВК Трейд, ООО;85,56;620;534,44;85,56;0,010598;2;0,47;0;3;2;10
К0019433;Айтико (г. Тюмень);15,83;46,2;30,37;15,83;0,007056;1;0;0;2;1;1,848
К0022213;ИП Слинкина Г. С. (с.Ярково);251,47;2520,91;2269,44;251,47;0,161897;11;3,3898;0;97;82;62,5664
К0022294;"ООО ""Интегрос""";435,36;12585,06;12149,7;435,36;1,226125;4;342,9923;0;397;23;0
К0022390;ТЕХЭЛЕКОМ (г. Сургут);4,82;270,4;265,58;4,82;0,04904;1;0;0;60;2;10,816
К0022480;PCmarket;32,87;1993,52;1960,65;32,87;0,393507;7;54,5718;126,59;45;33;51,0032
К0022510;ТД Флэш (г. Тюмень);-10,73;131,35;142,08;-10,73;0,009666;1;15,0175;0;6;5;5,254
К0022613;РИВАД трейд;579,71;4772,82;4193,11;579,71;0,356204;10;0,25;0;93;19;11,6828
К0022742;КМ-сервис;343,56;2008,53;1664,97;343,56;0,460323;4;0;0;7;4;0
К0022785;АН-24;399,15;8235,86;7836,71;399,15;0,456883;5;0,1227;0;32;9;0,3204
К0022978;Семь Морей (г. Сургут);566,89;2610,9;2044,01;566,89;0,245928;2;1,125;0;98;8;37,276
К0022984;"ООО ""Интегра КС""";-122,41;1149,8;1272,21;-122,41;0,09983;2;0;519,44;9;7;12,054
К0023025;"ООО ""Альтекс"" (г. Тюмень)";3327,73;28661,5;25333,77;3327,73;2,627416;25;623,0636;879,3959;283;58;272,3129
К0023061;ОКЕЙ;9848,16;125684,06;115835,9;9918,32;37,159194;44;1967,2648;17,27;4368;716;0
К0023145;Харланова Н.С.;51,15;416,34;365,19;51,15;0,011342;2;0;0;8;3;15,6
К0023202;Проминформ;1577,01;33123,32;31546,31;1577,01;1,634873;3;129,82;0;38;10;0
К0023225;Чел-Ланит;10365,05;99532,4;89167,35;10365,05;2,489107;13;2184,7544;0;417;55;134,7396
К0023267;ИП Иванов В.В. (г.Тюмень);42,19;1168,04;1125,85;42,19;0,217799;4;27,6578;0;19;19;39,7856
К0023282;Холинс (г. Нижневартовск);791,45;2822,26;2030,81;791,45;0,030188;2;0;0;20;5;80,1184
К0023284;Ефимова  (г. Курган);577,38;2945,58;2368,2;577,38;0,955431;10;4,988;0;13;12;1,976
К0023563;ЭнергоСтрой;3564,35;35941,18;32376,83;3564,35;0,250071;7;0;0;55;18;1076,7951
К0023583;Чел-Мастер;655,49;1384,74;729,25;655,49;0,77688;1;0;0;1;1;0
К0023766;ГК ИСети;1112,16;8434,71;7322,55;1112,16;1,55886;10;18,56;0;52;16;9,8844
К0023768;ИП Шоломова И.В.;183,98;2137,87;1953,89;183,98;0,136932;4;1,5084;0;24;16;56,3588
К0023856;Си-Пи-Эс;2092,08;19909,25;17817,17;2092,08;1,608226;20;594,9156;0;147;70;314,208
К0023859;"ООО ""Компания ""Север""";1770,37;80391,39;78621,02;1770,37;12,953948;6;1227,0406;0;511;62;0
К0024085;Секьюрити Эксперт;351,14;15960,34;15609,2;351,14;0,57054;15;63,3722;0;215;28;552,2968
К0024150;СтарБит;163,37;2064,29;1900,92;163,37;0,263887;6;12,6244;230,41;84;38;82,5716
К0024179;Аттер;897,19;2652;1754,81;897,19;0,056028;1;0;0;6;1;0
К0024241;"ООО ИТЦ ""АСУ-Проект""";178,1;1696;1517,9;178,1;0,198;1;0;0;2;2;67,84
К0024278;Офис-Маркет (г.Тюмень);45,62;155,04;109,42;45,62;0,08568;1;0;0;1;1;0
К0024303;"ООО ""Системы Папилон""";1050;2660,64;1610,64;1050;0,1656;1;0;0;9;1;0
К0024305;Электротехпром-ЭМУ;28,39;229,41;201,02;28,39;0,03704;3;0;0;26;15;4,314
К0024461;Тэйк-профит;178,73;7489,78;7311,05;178,73;0,513173;16;50,2097;0;89;41;68,3712
К0024482;К-систем (г. Нижневартовск);8410,3;45740,66;37330,36;8410,3;17,486425;12;69,1341;0;283;78;280,701
К0024743;"ООО ""АйТи Плюс"" (г. Тюмень)";-201,37;552,37;753,74;-201,37;0,157808;5;72,8465;262,82;16;14;20,1076
К0024762;"ООО ""Флэш"" (г. Тюмень)";88,73;1961,56;1872,83;88,73;0,131423;21;73,485;49,1;50;40;67,9752
К0024789;Модем;96,72;865,18;768,46;96,72;0,033626;7;0;0;45;10;22,8584
К0024790;ИНФАТЕК;3832,7;28846,2;25013,5;3832,7;3,911811;7;64,565;0;86;34;114,086
К0025016;ИП Виноградов Роман Леонидович;164;1398,59;1234,59;164;0,305028;8;26,4045;56,63;33;23;22,33
К0025215;СФЕРА;36,26;677,27;641,01;36,26;0,07424;2;18,94;18,94;9;6;2,3032
К0025270;Метрон;247,29;1670,22;1422,93;247,29;0,202857;9;6,508;0;37;17;36,1696
К0025320;МЦК;6,05;43,36;37,31;6,05;0,003578;1;0;0;8;3;0
К0025487;ИП Дружинина Анастасия Андреевна;-55,95;955,54;1011,49;-55,95;1,12354;1;0;131,18;13;8;0
К0025527;РУБЕЖ НТ;223,34;902,55;679,21;223,34;0,37945;3;0;0;8;8;22,7424
К0025559;"НПП ""ВИУС"", ООО";94,29;584,75;490,46;94,29;0,078825;1;0;0;3;3;4,406
К0025666;ТНТ Принт;17,91;380,23;362,32;17,91;0,011795;1;0;0;25;3;10,458
К0025895;"ООО ""Полиграфика"" (г. Тюмень)";1721,32;18772,83;17051,51;1721,32;1,343722;16;147,388;0;761;62;418,0496
К0025907;ПРП;10,93;174,58;163,65;10,93;0,00006;1;0;0;1;1;0
К0025947;"ООО ""Ланпро""";29,69;1148,64;1118,95;29,69;0,005875;3;2,825;0;7;6;45,9456
К0025952;ГрандТелеком (г. Тюмень);1844,34;13131,4;11287,06;1844,34;2,088819;33;148,6332;187,42;860;64;253,4778
К0025991;Медиа Мир;445,27;5835,85;5390,58;514,75;0,799525;9;16,5483;0;100;50;46,704
К0025997;ПТП (г. Тюмень);883,34;6217,74;5334,4;883,34;2,828313;8;13,981;0;61;26;0
К0026039;Гранд-С (г.Лангепас);175,37;1133,14;957,77;175,37;0,141232;2;0;0;20;11;29,6212
К0026060;"ООО ""Элист""";280,49;3192,3;2911,81;280,49;0,204472;4;82,17;0;15;9;21,516
К0026087;Уралмикро (г.Тюмень);-36,83;1248,42;1285,25;-36,83;0,301159;3;151,48;151,48;20;4;11,1584
К0026296;УралПартсГруп;137,59;1034,73;897,14;137,59;0,414338;3;0;0;17;12;0
К0026403;Меткомтрейд;720,42;7454,5;6734,08;720,42;0,677105;20;104,3831;0;128;62;136,2892
К0026483;АльфаМега;138,63;7920,08;7781,45;138,63;0,56532;16;319,2785;0;54;35;205,7504
К0026523;ИП Дьячкова Е.А.;-21,71;528,81;550,52;-21,71;0,006517;2;17,25;0;5;5;21,1524
К0026610;Энерголюкс;805,74;2701,33;1895,59;805,74;0,133908;15;0;0;276;50;0
К0026745;ИТ-Групп;989,7;3520,71;2531,01;989,7;0,202071;3;0;0;6;3;4,6
К0026758;"ООО ""МО ""Отдел медицинской техники""";417,19;2204;1786,81;417,19;0,218627;2;0;0;2;2;88,16
К0027055;Камтуми (г. Урай);99,49;304,05;204,56;99,49;0,0768;1;0;0;96;1;0
К0027071;Антипина Е.Н.;117,03;963,7;846,67;117,03;0,224391;1;0;0;17;7;38,548
К0027121;Бизнес Логистика;1,82;34;32,18;1,82;0,0051;1;0;0;2;1;1,36
К0027147;Энергосберегающие технологии;343,55;1570,07;1226,52;343,55;0,178549;4;16,43;16,43;109;10;27,544
К0027214;"ООО ""КК МЕГА"" (г. Тюмень)";28,02;2935,29;2907,27;28,02;0,362411;5;0;0;23;8;61,51
К0027216;ООО«АйТи Сорс»;28,96;2224,05;2195,09;28,96;0,148943;7;77,1675;0;107;23;86,0944
К0027329;ТД Центр логистики (г. Нижневартовск);20,41;620,48;600,07;20,41;0,020116;3;1,6169;0;5;3;1,002
К0027445;Дельта-Паритет;474,04;4852,93;4378,89;474,04;0,645663;11;351,454;358,44;104;16;60,4984
К0027449;ЭТМ;129,4;2608;2478,6;129,4;0,006;1;0;0;16;1;104,32
К0027559;Цитрус;354,93;6093,79;5738,86;354,93;0,362313;16;279,5744;0;214;38;174,2456
К0027580;ПРАЙТ;5,3;41,05;35,75;5,3;0,006311;1;0;0;2;2;1,43
К0027592;Адмирал;1286,98;25302,45;24015,47;1288,32;0,790737;14;6,53;0;509;51;815,0828
К0027614;РИН-СЕРВИС;102,06;483,61;381,55;102,06;0,007318;4;5,87;0;11;5;19,3444
К0027629;ИП Марковский Ростислав Петрович;24,22;545,06;520,84;24,22;0,018624;6;0;0;8;7;11,4785
К0027671;Ю-Принт, ООО;944,79;31083,75;30138,96;944,79;2,663363;30;412,2095;3663,87;508;177;734,614
К0027794;Перспектива-Авто;86,83;741,95;655,12;86,83;0,079632;2;0;0;4;2;0
К0027857;Иж-Зубова С.В.;53,8;512,86;459,06;53,8;0,099678;1;0;0;7;7;8,74
К0027871;ИП Семенютин Владимир Валерьевич;5,78;5228,57;5222,79;5,78;0,990576;24;134,645;22,32;83;53;88,32
К0027917;Чел-Статус;928,2;3907,19;2978,99;928,2;0,197638;5;35,65;0;29;8;141,4876
К0028005;Новиков Э.В.;107,19;666,5;559,31;107,19;0,090039;1;0;0;5;2;0
К0028053;АСМ-ресурс;103,63;4931,21;4827,58;103,63;0,232874;2;407,88;397,75;10;6;0
К0028121;ТРОН-ВТМ;6181,74;31437,39;25255,65;6181,74;1,620452;7;111,29;0;124;47;103,552
К0028209;МКТ Принт (г. Тюмень);157,32;527,26;369,94;157,32;0,160869;4;0;0;5;4;0
К0028235;Ультра-Тэк (г. Сургут);34,08;1183,28;1149,2;34,08;0,05797;2;15,87;0;12;7;14,391
К0028375;Визард;74,93;217,1;142,17;74,93;0,00748;1;0;0;1;1;0
К0028392;Юнит Трейд;2036,39;24999,71;22963,32;2036,39;1,854453;26;310,6309;0;256;127;176,018
К0028453;ИП Кузнецов Н. В. (г. Тюмень);3;34,5;31,5;3;0,00729;1;0;31,47;3;1;0
К0028469;Андрияшкин С. М. (г. Сургут);1349,37;13574,13;12224,76;1349,37;1,089522;26;116,79;313,17;368;120;35,3044
К0028504;Он-Лайн Урал;1726,98;13383,49;11656,51;1726,98;1,246604;27;81,3017;320,23;367;61;108,56
К0028530;ИП Каюмов Р.А. (г. Тюмень);126,49;1043,25;916,76;126,49;0,057569;2;0;0;5;2;41,73
К0028696;Головастиков П.А.;32,99;104,49;71,5;32,99;0,021592;1;0;0;18;5;0
К0028740;НЦАИС (г. Нефтеюганск);371,74;2573,18;2201,44;371,74;0,499616;7;29,1504;0;113;21;17,122
К0028869;Металл-проект;5,82;195,72;189,9;5,82;0,031996;1;0;0;3;2;7,8288
К0028885;"ООО ""Смарт""";394,26;7804,61;7410,35;394,26;0,957391;23;42,5869;93,56;113;78;131,4444
К0028927;ТАН-Про;72,56;591,03;518,47;72,56;0,017512;3;0;0;10;8;0
К0028989;Асгард;1359,88;20445,95;19086,07;1359,88;3,204675;31;318,3609;0;488;193;635,3684
К0029177;МСО (г. Мегион);5703,16;38251,16;32548;5703,16;2,126364;10;207,48;0;677;136;180,484
К0029219;Мирит;-13,03;1061,59;1074,62;-13,03;0,140267;11;126,35;0;24;12;4,36
К0029223;"ООО ""+ Альянс"" (г. Тюмень)";659,26;6324,84;5665,58;659,26;0,70614;32;32,3094;0;180;55;25,7656
К0029227;УралТехноРесурс;23,88;370,37;346,49;23,88;0,043685;4;0;0;12;7;14,8148
К0029299;Концепт;285,33;1242,76;957,43;285,33;0,078769;3;10,79;0;241;9;49,7104
К0029410;Экселлент;16,82;243,3;226,48;16,82;0,016758;1;0;0;1;1;0
К0029413;Система-Сервис-Пермь ПКО;8,04;152;143,96;8,04;0,031584;1;0;0;1;1;6,08
К0029531;"ООО ""Золотник"" (г. Тюмень)";820,58;7711,07;6890,49;820,58;0,215528;11;0;0;92;51;104,3844
К0029752;"ООО ""Юнивим"" (г. Тюмень)";80,11;1279,52;1199,41;80,11;0,10658;18;3,555;0;43;22;27,5044
К0029948;ИРС;-91,14;895,68;986,82;-91,14;0,079348;3;41,92;0;8;4;1,1472
К0029960;МСТ;4,85;139,18;134,33;4,85;0,000394;1;0;0;1;1;5,5672
К0030071;Спринтер (г. Тюмень);125,04;1068,58;943,54;125,04;0,434046;2;3,5299;0;4;3;0
К0030143;1С: Мультимедиа Екатеринбург;619,31;5889,67;5270,36;619,31;0,503017;9;6;0;201;77;0
К0030152;ИП Койнов Андрей Анатольевич;167,48;1702,12;1534,64;167,48;1,112255;2;0;0;147;6;23,398
К0030495;Калашников Д.И.;990,79;7616,49;6625,7;990,79;1,18654;18;160,513;5,11;342;67;196,9864
К0030530;"ООО ""СнабДим""";63,7;966,2;902,5;63,7;0,035556;2;2,4262;0;16;10;9,936
К0030622;ИП Уразов Д.В (г. Тюмень);372,99;3131,58;2758,59;372,99;0,761178;5;174,4214;235,89;35;8;0
К0030781;ЛИГА;26,31;103,47;77,16;26,31;0,013984;2;0;0;3;3;0
К0030800;К-Трейд;-101,93;3046,59;3148,52;-101,93;0,031247;5;72,09;0;45;10;118,1492
К0031008;"Предприятие ""Абсолют""";401,79;1685,04;1283,25;401,79;1,497147;7;0;0;45;10;0
К0031038;ВИМ;-90,16;647,55;737,71;-90,16;0,264624;2;0;0;6;4;0
К0031071;Мэйпл Групп;61,08;1741,79;1680,71;61,08;0,054352;7;143,75;143,75;19;11;68,0716
К0031094;"ООО УК ""Строй-Дизайн"" (г. Тюмень)";196,24;643,07;446,83;196,24;0,085505;2;0;0;2;2;4,228
К0031547;Клг-Грандком;1039,64;6502,65;5463,01;1039,64;1,760861;8;0;0;533;46;35,5492
К0031637;ИП Горбатов П.А;10,84;789,05;778,21;10,84;0,108231;1;0;72,55;10;8;31,562
К0031687;Сервис-партнер;-25,57;434;459,57;-25,57;0,00455;1;14,85;0;4;3;17,36
К0031868;Техноцентр Тюмень (г. Тюмень);203,72;1578,06;1374,34;203,72;0,285732;2;0;0;5;2;0
К0031881;ИнфоКуб;1365,83;8476,36;7110,53;1365,83;1,323565;14;140,53;140,53;78;19;25,24
К0031932;Репорт;942,03;14990,31;14048,28;942,03;1,633465;35;532,9862;22,46;224;136;207,1752
К0032021;ООО ТД «ЧелябТрейд»;1706,35;13253,29;11546,94;1706,35;0,934239;5;4,6354;0;41;29;228,7552
К0032033;Вектор СБ;867,49;4958,02;4090,53;867,49;1,144284;6;0;0;20;19;74,3232
К0032082;123.РУ;162,69;2758,01;2595,32;162,69;0,370401;7;0;0;57;36;0
К0032125;Экотехника;-251,74;2853,45;3105,19;-251,74;2,264035;3;0;0;8;6;29,68
К0032250;Занин А.В.;-3,24;424,4;427,64;-3,24;0,024726;2;18,251;0;22;19;14,816
К0032284;Метелев А. А.;205,65;1913,46;1707,81;205,65;0,088412;4;16,3688;0;40;33;16,302
К0032337;Синнтерком;87,77;1125,44;1037,67;87,77;0,178462;3;26,8851;103,99;11;9;24,198
К0032432;Ритек Сетевые Технологии;-60,42;8568,05;8628,47;-60,42;0,755987;15;-4842,3381;3093,02;1060;54;139,838
К0032434;ИП Саликов А.Ю. (г. Тобольск);231,92;1578,77;1346,85;231,92;0,073838;6;87,7;158,47;31;17;6,4344
К0032523;Неолит;1719,17;19572,22;17853,05;1719,17;3,525105;28;177,2769;50,45;4663;172;182,5968
К0032695;Куклин (г. Ханты-Мансийск);4972,01;27242,1;22270,09;4972,01;3,86806;25;140,8214;49,13;551;92;421,1244
К0032725;Альтаир (г.Тюмень);75,31;874,84;799,53;75,31;0,104209;3;0;0;3;3;1,07
К0032732;Гринком;71,21;2004,8;1933,59;71,21;0,104316;3;20,74;0;38;15;75,8196
К0032815;ООО «ЦМИК»;-316,52;2109,53;2426,05;-316,52;0,308092;13;482,6625;520,83;64;57;40,3132
К0032823;"ООО ""Айстор"" (г. Тюмень)";1680,72;4050,78;2370,06;1680,72;0,141512;1;0;0;1;1;0
К0033108;ДФ-Центр;-26,69;786,08;812,77;-26,69;0,009883;4;32,715;0;17;9;30,052
К0033120;"ООО ""ИНТЕКСА+""";436,98;10715,36;10278,38;436,98;1,523382;8;369,8724;0;77;17;134,6512
К0033453;Связьсервискомплект;440,3;1432,7;992,4;440,3;0,287695;2;0;0;210;26;0
К0033545;Промэлектроника;353,93;944,26;590,33;353,93;0,304519;2;0;0;9;4;37,7704
К0033695;ИП Рыбаков Алексей Петрович;-4,62;112,25;116,87;-4,62;0,000765;1;2,8765;0;2;2;4,49
К0033821;Статик;57,23;4325,9;4268,67;57,23;0,263535;6;58,7712;0;166;60;149,834
К0033836;Частное лицо Пермь-2;-22069,56;16781,44;38851;-22069,56;6,379809;79;5054,1265;21788,16;1160;254;79,2864
К0033944;Максидом;9574,65;70288,71;60714,06;9611,04;46,337757;12;184,3257;124,83;710;267;0
К0034247;Компьютинг;36,12;298,79;262,67;36,12;0,013009;2;0,0941;0;10;5;11,9516
К0034525;ИП Чуманов;69,12;231,87;162,75;69,12;0,035712;2;0;0;26;3;0
К0034811;ООО «АВ трэйд»;1179,81;9774,68;8594,87;1179,81;1,047481;2;0;0;8;4;225,8
К0034823;Вайтал-Групп;55,71;3733,4;3677,69;55,71;0,32299;6;39,2101;0;66;20;87,344
К0034859;Индивидуальный предприниматель Дятко Арсений Васильевич;-4,05;238,15;242,2;-4,05;0,058464;1;8,2375;0;7;6;9,526
К0034883;ПолиКом-А;179,52;1628,92;1449,4;179,52;0,11943;11;7,685;0;22;19;44,7428
К0035083;Прологика;-21,78;269,5;291,28;-21,78;0,004323;2;20,005;115,22;4;3;10,78
К0035126;Урал;47,4;123,32;75,92;47,4;0,00324;1;0;0;40;1;0
К0035175; Оргсити;257,01;4155,07;3898,06;257,01;0,27541;11;6,1794;0;18;11;8,8216
К0035191;Интернет магазин TU66.ru;1480,2;8316,24;6836,04;1480,2;7,06588;24;1,7677;0;25;25;0
К0035211;Сфера (г.Тюмень);87,42;1950,26;1862,84;87,42;0,337174;9;47,8024;0;37;22;47,9064
К0035247;Урал-Гарант;3414,6;12294,94;8880,34;3414,6;1,564054;18;29,2516;0;138;44;106,6136
К0035317;"ООО ""ТРИТОН""";0,77;1370,65;1369,88;0,77;0,0663;1;0;0;5;1;0
К0035369;Прус С.М. (г. Ханты-Мансийск);611,76;2314,33;1702,57;611,76;0,218128;5;0;0;25;12;0
К0035468;КПК;142,62;2157,41;2014,79;142,62;0,108735;16;38,15;271,87;49;20;42,9748
К0035487;Сервис Трейдинг;3,95;229,08;225,13;3,95;0,006836;2;0;0;5;5;0
К0035537;Компания ПРОФИТСФЕРА;1048,87;10356,45;9307,58;1048,87;1,28657;30;76,288;0;109;62;109,0836
К0035540;Тахион;-4,71;455,19;459,9;-4,71;0,056135;2;15,69;0;9;8;16,068
К0035624;Меркурий;374,3;6624,06;6249,76;374,3;0,23987;17;92,898;0;146;39;248,1004
К0035631;Интернет-магазин Япет;4528,48;28068,92;23540,44;4528,48;18,026964;61;11,4823;0;110;111;10,32
К0035641;Системнефтеавтоматика;351,51;4351,16;3999,65;351,51;0,637398;7;10,5339;0;54;30;124,2532
К0035702;Строй Индустрия, ООО;3258,62;16405,88;13147,26;3258,62;7,910074;12;0;0;149;87;291,2056
К0035706;ТехУрал;454,8;2966,8;2512;454,8;2,442122;2;0;0;8;8;0
К0035740;ООО  «ТехноЛайн»;206,87;1449,58;1242,71;206,87;0,03136;6;0;0;29;17;0
К0035778;ООО «ИнтерБытТехника»;25495,4;113271,72;87776,32;25495,4;53,298457;5;0;0;158;157;0
К0035914;Р-Тест;126,06;844,34;718,28;126,06;0,074638;4;0;0;4;4;0
К0035934;магазин «Техно НТ»;1470,48;11824,66;10354,18;1470,48;9,854545;4;0;0;52;35;0
К0036061;Стол Заказов Пермь;3456,86;19848,1;16391,24;3456,86;10,390189;27;0;0;59;56;17
К0036215;Печёркинское потребительское общество;6,86;1343,57;1336,71;6,86;3,039704;1;0;0;5;4;0
К0036245;Вектор Тренда;101,59;525,46;423,87;101,59;0,064915;2;0;0;7;2;0
К0036247;ИП Козлов Сергей Егорович;2110,89;19230,17;17119,28;2110,89;0,334468;9;10,26;0;174;44;10,5
К0036257;Ин Нова (г. Тюмень);15478,9;107726,44;92247,54;15478,9;4,359845;22;4380,9237;0;438;112;313,4429
К0036267;инет-магазин i-ekb.ru;1328,02;8796,88;7468,86;1328,02;0,186207;8;159,14;159,14;55;37;0
К0036368;КоммерсантЪ (г.Тюмень);406,5;2654,22;2247,72;406,5;0,509604;23;9,4768;0;108;56;53,5112
К0036436;ООО «АйТиБи»;4905,15;22918,19;18013,04;4905,15;13,749671;18;3,9345;417,41;56;51;12,5584
К0036489;ООО «Риланс»;31,29;6290,58;6259,29;31,29;0,126944;6;669,8208;0;70;14;41,26
К0036525;"ООО ""Интерком"" (г. Тюмень)";312,33;7944,13;7631,8;312,33;0,183794;8;242,405;0;221;54;277,0532
К0036569;ИНФОКОМПАНИ;371,85;3280,84;2908,99;371,85;0,393058;9;8,047;0;61;49;65,4792
К0036601;Энергохимснаб;483,19;1729,63;1246,44;483,19;0,475481;3;0;0;306;9;0
К0036620;Оптима;95,59;379,8;284,21;95,59;0,040962;2;0;0;15;2;15,192
К0036631;Деловые Системы (г. Нижневартовск);642,39;6488,5;5846,11;642,39;0,604979;1;0;0;10;3;0
К0036636;"ООО ""Меркурий-628"" (г. Тюмень)";17,41;301,5;284,09;17,41;0,00345;1;0;0;75;1;12,06
К0036649;Урал-Трейд Шершнев;540,56;8003,47;7462,91;540,56;0,846269;30;132,5333;0;144;112;134,5671
К0036713;"ООО ""ПринтеК""";547,19;4463,47;3916,28;547,19;0,38042;20;5,9517;0;83;51;5,72
К0036815;СК-Групп (г. Сургут);2,39;154;151,61;2,39;0,013992;1;0;0;4;1;6,16
К0036847;ООО  «ЭнергоСвязьМонтаж»;250,86;4629,07;4378,21;250,86;1,153879;15;18,3765;0;65;26;118,3272
К0036872;Ростехно;171,86;1730,4;1558,54;171,86;0,21159;2;1,964;0;6;2;0
К0036948;"ООО ""ММК-Информсервис""";54890,83;269745,46;214854,63;64195,38;10,706553;14;2,6471;0;233;29;0
К0037075;MXM;29,32;418,7;389,38;29,32;0,363747;1;0;0;2;2;0
К0037098;Петрова Л. Е.;933,82;6226,71;5292,89;933,82;1,934943;2;43,0739;0;110;68;0
К0037162;ООО «АнКом-Трейд»;187,28;1945,14;1757,86;187,28;0,344024;17;35,91;56,71;33;26;17,8756
К0037262;"Кухни ""Маэстро""";45,51;154,37;108,86;45,51;0,05577;1;0;0;1;1;0
К0037327;"ООО ""Про Коммуникейшн"" (г. Тюмень)";118,16;511,79;393,63;118,16;0,012713;2;4,555;0;4;2;5,7
К0037351;Ай-Ти 72  (г. Тюмень);1927;17604,79;15677,79;1927;1,459799;19;121,5717;0;182;41;127,1064
К0037565;Трэнд;-9150,96;34492,47;43643,43;-9150,96;0,294563;5;8189,87;0;95;20;0
К0037606;СтройСети  (г. Курган);2,56;604,73;602,17;2,56;0,016718;5;0,725;0;7;6;17,0972
К0037782;Эльдорадо PRM;1216,41;14300,27;13083,86;1216,41;7,768698;37;605,7263;2103,786;669;350;24,948
К0037915;Звезда;160,42;2122,47;1962,05;160,42;0,196298;2;0;0;3;3;0,6144
К0037931;Апстор (г. Сургут);484,26;10916,08;10431,82;484,26;0,092053;4;0;0;98;32;0
К0037998;Кенгуров Р. О.;157,73;10713,95;10556,22;157,73;10,695364;2;0;1273,39;93;88;5,8684
К0038043;КУРС;150,45;855;704,55;150,45;0,1309;1;0;0;1;1;0
К0038070;ООО «ЭКСИТО»;7,94;101,9;93,96;7,94;0,047995;1;0;0;3;3;4,076
К0038127;ИП Мартыновская Анна Евгеньевна;1054,05;9343,87;8289,82;1054,05;0,064944;1;21,8916;189,42;249;35;0
К0038182;Технология1;1075,38;4493,06;3417,68;1075,38;1,849871;19;57,1062;0;45;29;22,016
К0038200;Скарлет ТТ;65,87;405,84;339,97;65,87;0,123364;1;1,2205;0;33;13;0
К0038282;Промтехобеспечение (г. Нижневартовск);1546,9;6959,17;5412,27;1546,9;0,972633;12;9,558;0;214;38;55,6413
К0038384;"ООО ""РСК Гефест""";-50,79;1299,73;1350,52;-50,79;0,11367;3;0;87,78;21;17;51,9892
К0038394;ОптКом;34,34;120,96;86,62;34,34;0,008901;2;0;0;10;2;4,8384
К0038454;"СК ""Астория"" (г.Тюмень)";8827,2;70577,8;61750,6;8827,2;1,938237;13;1,383;262,7;1117;58;393,8136
К0038474;ПрофКом (г. Тюмень);14,02;27,9;13,88;14,02;0,001038;1;0;0;2;2;1,116
К0038542;"ООО ""Сервис Про"" (г. Тюмень)";159,04;798,57;639,53;159,04;0,263089;2;0;0;2;2;6,24
К0038581;Зубов А.П.;2543,54;16590,14;14046,6;2543,54;3,461911;14;369,0293;0;340;177;82,6376
К0038584;ТехноРесурс;-38,36;4534,55;4572,91;-38,36;0,568538;13;126,701;158,84;73;46;148,3036
К0038673;ООО «Юком.Ру»;237,63;2071,18;1833,55;237,63;0,500131;5;0;0;13;13;3,2304
К0038681;Евродом;535,3;3212,6;2677,3;535,3;1,495089;2;0;0;4;4;0
К0038966;"ООО ""ТюменьМаркет""";4949,87;31496,44;26546,57;4949,87;21,525359;20;3,0397;0;77;72;0
К0038979;АйтиМикс (г.Тюмень);64,26;769,8;705,54;64,26;0,15985;3;0;0;18;12;30,792
К0038991;Павленко  (г. Тюмень);285,7;1531,01;1245,31;285,7;2,190773;1;0;0;6;6;0
К0039008;"ООО ""Логистика""";-18,06;642,78;660,84;-18,06;0,002696;2;0;0;6;2;25,7112
К0039022;Статус-СВ;66,04;947,94;881,9;66,04;0,08775;1;0;0;6;1;0
К0039030;"ООО ""НПК""";378,45;2374,06;1995,61;378,45;0,125055;2;0,0949;0;3;3;0,3144
К0039069;ИП Ершов Андрей Георгиевич;4066,23;29288,36;25222,13;4066,23;19,640555;4;0;1143,71;66;58;0
К0039074;СвязьСервисКаталог;78,23;527;448,77;78,23;0,011248;1;0;0;1;1;21,08
К0039252;Бимарт;4640,53;35993;31352,47;4640,53;24,813802;110;45,752;0;131;131;79,7572
К0039270;Мора-Урал;4179,77;44849,41;40669,64;4179,77;44,44823;7;3,7468;3973,14;446;168;0
К0039288;Одуван;80,58;6644,49;6563,91;80,58;1,18776;2;0;0;14;2;0
К0039434;ООО «ИТ-Прайм»;-514,29;18769,52;19283,81;-514,29;4,052895;9;568,7707;0;582;41;624,4016
К0039515;Эллинг;34,82;256;221,18;34,82;0,045472;1;0;0;1;1;10,24
К0039587;Аксель;5,62;176;170,38;5,62;0,00099;1;0;0;2;1;7,04
К0039736;"ООО ""+ Альянс. ИТ"" (г. Тюмень)";6,07;42,5;36,43;6,07;0,000063;1;0;0;1;1;1,7
К0039768;Мастер Трейд (г.Тюмень);61642,23;567931,38;506289,15;52543,61;11,700275;44;1944,7091;1470,7;1892;264;1405,2768
К0039884;ИП Усанов Илья Николаевич;106,78;3740,12;3633,34;106,78;0,540581;13;128,166;683,96;56;48;2,35
К0039939;Садырев О. В.;108,08;2154,96;2046,88;108,08;1,796913;1;0;0;6;6;0
К0039944;Поспелова  (г. Курган);956,93;5493,79;4536,86;956,93;2,258655;18;0;113,76;502;94;25,57
К0040016;ИП Клепиков Е.А.;176,16;1927,15;1750,99;176,16;0,327081;12;4,075;0;34;24;18,342
К0040020;ТехноТрейд-Сервис  (г. Курган);242,6;2158,23;1915,63;242,6;0,270183;8;2,046;0;84;40;62,9048
К0040135;Периметр Урал;1,15;105,67;104,52;1,15;0,00081;1;0;0;1;1;4,2268
К0040204;ООО «Интерра Компьютерс»;-38,08;1273,08;1311,16;-38,08;0,109289;5;64,365;0;21;7;33,94
К0040207;Ригель  (г. Сургут);1356,84;9688,43;8331,59;1356,84;1,552707;5;8,42;0;185;69;17,3048
К0040214;Клг-Гамма плюс  ПКФ;945,85;6970,34;6024,49;945,85;0,49062;1;0;0;18;2;0
К0040280;ИнтеллектКомплект;-96,03;608,22;704,25;-96,03;0,139076;1;0;0;1;1;0
К0040387;ИП Сундрякова С.М.;174,85;10422,73;10247,88;494,45;2,294611;13;680,6972;76,82;205;55;129,3876
К0040395;ИП Бахтина-Каримова Любовь Федоровна;3367,5;46736,66;43369,16;3367,5;30,070561;56;0;0;123;92;0
К0040420;Мир Домашней Техники;8799,98;51626,79;42826,81;8799,98;38,002599;13;2,4179;0;256;49;11,16
К0040436;Техпоставка;-255,53;1276;1531,53;-255,53;0,009782;3;267,21;0;11;3;51,04
К0040439;Макситрейд  (г. Сургут);432;1985,6;1553,6;432;0,465776;4;0;0;17;7;1,58
К0040564;ПрофАйТи  (г. Тюмень);184,5;535,16;350,66;184,5;0,038004;2;0;0;4;3;0
К0040708;ООО «Эксэлент»;5,34;930,71;925,37;5,34;0,144401;12;37,8823;0;46;21;34,5972
К0041080;НВ-Торг  (г. Тюмень);133;993,55;860,55;133;0,257403;5;0;0;5;5;4,36
К0041202;Эль-Арт;367,28;2215,11;1847,83;367,28;0,51957;7;0;0;79;49;0
К0041253;ТКПФ «Бизнес Линии (г.Новый Уренгой);1502,12;35061,96;33559,84;1502,12;7,660757;22;1112,04;0;217;75;136,634
К0041259;ООО «Центр-Сервис»;9,39;225;215,61;9,39;0,018225;1;0;0;5;1;9
К0041411;Династия (г. Надым);161,6;1084,19;922,59;161,6;0,03276;1;0;0;1;1;0
К0041508;БЭРКСАН СТРОЙ;382,04;2139,45;1757,41;382,04;0,550331;4;0;0;540;10;0
К0041513;ООО  «Тетроникс-Сервис»;9812,39;64556,34;54743,95;9812,39;3,578327;30;41,8971;0;102;43;106,8752
К0041692;Клг-МагистральЭнергоИнжиниринг;-311,19;2073,18;2384,37;-311,19;0,134491;6;0;0;204;28;0
К0041712;ТекИнфо  (г. Сургут);713,16;14182,08;13468,92;931,32;0,927775;13;622,1669;0;47;26;79,512
К0041752;Энергосистема;138,92;459;320,08;138,92;0,134206;3;0;0;11;10;0
К0041767;"ООО ""ТехноСнабСервис""";1,28;375,92;374,64;1,28;0,054095;2;6,6325;0;7;7;15,0368
К0041789;ООО «МТ-Люкс»;497,65;2775,77;2278,12;497,65;2,29516;2;0;0;9;9;0
К0041814;Техника72 (г.Тюмень);237,19;1802,03;1564,84;237,19;1,374705;1;0;0;2;2;0
К0041947;Исекеева О. В.;464,63;3115,59;2650,96;464,63;0,29324;6;0;0;16;10;36,088
К0042005;ИП Волкоедов А.Н. (г. Тюмень);858,6;24045,06;23186,46;858,6;3,193248;15;345,47;472,28;302;87;619,1428
К0042021;Энергопромкомплект;150,81;1102,22;951,41;150,81;0,13086;3;0;0;14;3;0
К0042176;Ожога О. М.;1869,4;11801,51;9932,11;1869,4;15,180837;3;0;0;111;63;0
К0042346;РЕЛ (пгт Октябрьское);632,93;4700,86;4067,93;632,93;1,021973;8;33,826;0;185;47;111,2904
К0042454;Грибов;12,22;203,4;191,18;12,22;0,013914;1;0;14,07;9;3;8,136
К0042456;"ООО ""Альтернатива ТМН"" (г. Тюмень)";21,77;315;293,23;21,77;0,007657;2;0;0;6;4;12,6
К0042921;Силаков С. А.;803,8;3552,4;2748,6;803,8;0,376539;1;0;0;175;9;0
К0042927;УСКК (г. Тюмень);386,23;3650;3263,77;386,23;0,004095;1;0;0;1;1;146
К0043069;ЭнергоКурс;98,63;167,51;68,88;98,63;0,0038;1;0;0;1;1;6,7004
К0043076;Шилов С. В.;502,09;2364,7;1862,61;502,09;1,525769;3;0;0;6;6;0
К0043121;ООО «Системные решения»;28,68;299,49;270,81;28,68;0,097321;2;0;0;26;6;0
К0043148;Интер Хоум (г. Тюмень);208,18;763,94;555,76;208,18;0,3714;1;0;0;3;3;0
К0043162;ИП Блинова С. В. (г. Тюмень);25,75;660,32;634,57;25,75;0,664127;2;0;0;2;2;0
К0043369;ИТ Профессиональные Решения;1520,3;10686,28;9165,98;1520,3;0,355222;2;1152;0;9;7;288,892
К0043393;Итерра;1060,17;15896,12;14835,95;1089,93;2,798233;24;114,7324;219,43;203;77;420,3616
К0043503;ООО Строительная компания “КапиталСтройГруп”;250,85;1228,6;977,75;250,85;0,248862;2;0;0;248;5;46,88
К0043552;"ООО НПФ ""Новые технологии""";887,43;1018,84;131,41;887,43;1,127045;2;0;0;5;4;5,4
К0043601;Темрюков   (г. Курган);576,26;3760,46;3184,2;576,26;1,506532;3;0;0;7;7;0
К0043719;УРАЛ-ТРЕЙД;5792,22;40290,3;34498,08;5792,22;27,818462;47;171,6571;0;102;100;29,9024
К0043759;Уралспецтеплоремонт;8010,17;53397,26;45387,09;8010,17;5,293333;15;0;0;8293;41;12,9792
К0043794;БЭЙС (г. Салехард);3977,89;33239,77;29261,88;3977,89;8,656201;13;114,2087;0;744;226;24,3513
К0044020;ООО «СпецСтройУрал»;2107,39;4374;2266,61;2107,39;0,8085;1;0;0;30;1;0
К0044164;ИП Маслаков Михаил Петрович;0,7;325;324,3;0,7;0,00075;1;0;0;2;1;13
К0044325;Эскейп  (г. Тюмень);154,57;1078,03;923,46;154,57;0,193827;2;1,817;0;47;10;32,8468
К0044445;"ООО ""Лима-Групп""";231,37;1928,04;1696,67;231,37;0,09075;1;1696,65;3860,09;2;1;77,1216
К0044520;ООО «Новый Элемент»;668,77;2423,56;1754,79;668,77;1,015494;1;0;0;5;5;0
К0044530;ИТ-Центр;4239,82;25426,45;21186,63;4239,82;3,173343;18;206,3964;0;97;53;99,0464
К0044553;"ООО ""Компания ""Градис""";41,8;2448,76;2406,96;41,8;0,152799;10;71,0468;0;45;26;35
К0044591;Инфраструктура ТК;320,21;8776,92;8456,71;320,21;1,379821;12;271,8316;0;32;22;44,8604
К0044788;Рубцова С.С.;128,2;2428,84;2300,64;128,2;0,270832;4;11,98;0;348;10;76,0108
К0044868;ИндаСофт;658,91;3383,2;2724,29;658,91;0,46536;1;0;0;2;2;135,328
К0045077;ООО ПТФ «Интэк-Сигнал»;1,49;153;151,51;1,49;0,00033;1;0;0;1;1;6,12
К0045104;ООО «АйТи СнабСервис»;95,75;1554,96;1459,21;95,75;0,099364;5;7,39;0;34;11;62,1984
К0045231;"ЗАО ""Датател-Урал""";10812,49;133955,44;123142,95;10812,49;4,346117;16;4944,2977;4497,07;1319;70;0
К0045296;ИП Хасанова Н.В. (с. Ярково);152,35;1620,52;1468,17;152,35;0,358281;6;0;0;7;7;0
К0045316;Барт-Инвест;60,18;666;605,82;60,18;0,30305;1;0;0;1;1;26,64
К0045505;"ООО""Праздничное Агентство ""Овация""";37,79;584,09;546,3;37,79;0,079533;3;19,65;0;9;9;7,88
К0045740;"ООО ""АйТиДжи"" (г. Тюмень)";355,01;2164,83;1809,82;355,01;0,122199;4;91;0;7;7;46,8
К0045752;Смарт-Рэк Трейдинг;1143,79;11354,55;10210,76;1143,79;28,639325;2;0;0;56;5;75,582
К0045802;Пилигрим-Трейд;325,83;4019,72;3693,89;325,83;0,423683;7;2,14;0;40;29;131,8964
К0045817;ООО «УралКом МИТ»;572,47;2699,32;2126,85;572,47;0,525712;8;0,4913;0;23;14;4,37
К0046004;ООО «Камера АйПи»;3,41;264,82;261,41;3,41;0,001724;1;0;0;4;2;10,5928
К0046422;Просто96;719,14;9887,99;9168,85;719,14;2,042495;14;299,78;0;58;18;58,176
К0046470;Д-Линк-Екатеринбург;399,78;1824,1;1424,32;399,78;0,317185;2;0;0;5;5;0
К0046598;Триэс менеджмент (г. Тюмень);9,84;102,82;92,98;9,84;0,011487;3;0,0623;0;5;5;2,4192
К0046642;Титов А.Е.;2,37;53,76;51,39;2,37;0,005586;1;0;0;1;1;2,1504
К0046800;М-АйТи НАО (г. Нарьян-Мар);-118,85;845,51;964,36;-118,85;0,001264;2;142,338;0;4;3;33,8204
К0046851;ООО «Арт Сети»;2318,55;10521,54;8202,99;2318,55;0,886559;6;51,92;0;25;12;0
К0046859;Паритет-Пермь;-140,8;585,26;726,06;-140,8;0,093312;1;158,3578;0;1;1;0
К0046886;Технобыт (г.Тюмень);6107,33;29967,4;23860,07;6107,33;20,847328;5;0;0;73;35;0
К0046925;"ООО ""Константа-Сервис""";11,09;79,46;68,37;11,09;0,008602;1;0;0;1;1;0
К0047026; Шостина Н.С.;184,33;2703,01;2518,68;184,33;5,683253;5;0;312,15;19;18;0
К0047045;КИПЕРСИСТЕМС;189,93;1031,7;841,77;189,93;0,028853;1;0;0;8;3;0
К0047187;ООО «Эксперт – компьютерные технологии»;622,87;4876,67;4253,8;622,87;0,287583;5;8,865;0;20;11;157,3608
К0047238;ИП Зубик Андрей Степанович;374,82;1809,66;1434,84;374,82;0,045742;11;0;0;124;48;0
К0047385;ООО «Развитие Урала»;89,38;1076,57;987,19;89,38;0,080475;2;0;0;3;2;0
К0047459;ООО «ЕвроЭнерго»;6306,26;25970,06;19663,8;6306,26;2,268326;2;0;0;2;2;0
К0047511;Мир видео;4970,59;39945,3;34974,71;4970,59;26,148917;97;187,7822;0;178;177;164,5719
К0047546;ООО ТД «Столетти»;53,45;238,26;184,81;53,45;0,229793;1;0;0;1;1;0
К0047640;Плаза;66,62;1637,7;1571,08;66,62;0,118774;1;12,124;0;10;6;62,188
К0047642;Пермь ИТ Сервис, ООО;131,05;1324,41;1193,36;131,05;0,12167;6;0;4,69;33;16;36,1524
К0047658;Дата-Пермь;53,48;627,9;574,42;53,48;0,039911;2;0;0;6;2;25,116
К0047679;"ООО ""Техно Тайгер""";-88,71;971;1059,71;-88,71;0,125172;2;119,28;0;2;2;0
К0047727;ООО «ГРАНД-ДИЗАЙН»;637,12;5864,49;5227,37;637,12;3,439325;3;0;0;9;9;0
К0047735;Техника Люкс;3466,73;18809,73;15343;3466,73;10,774404;3;0;0;14;13;0
К0047805;Романенко Л.С.;639,88;3972,17;3332,29;639,88;2,0129;6;0;0;15;15;0
К0047896;ООО «ЧЕСТ»;48,54;762,46;713,92;48,54;0,019832;4;0;0;22;8;15,6552
К0047921;"ООО ""Дартико""";388,45;401,44;12,99;388,45;0,288003;2;0;0;2;2;16,0576
К0047931;"ООО ""АРТ-КОМФОРТ""";61,2;369,93;308,73;61,2;0,065761;2;9,9942;0;2;2;0
К0048034;"ООО ""ИТ Комплект+"" (г. Тюмень)";266,54;976,92;710,38;266,54;0,283607;2;0;0;6;5;0
К0048054;ООО «АРД-ЕК»;-118,5;2300,66;2419,16;-118,5;0,44944;9;260,78;0;9;9;36,7716
К0048295;"ООО ""ПБТ""";-5,52;165,97;171,49;-5,52;0,001182;1;3,386;0;3;3;6,6388
К0048462;ООО « АБТ 21 век»;3306,04;25333,46;22027,42;3510,13;2,192866;28;98,3674;26,45;366;156;329,1596
К0048529;Пермяков А.И. (п. Березово);219,19;2011,31;1792,12;219,19;0,384653;6;176,567;261,01;108;82;54,138
К0048628;"ООО ""Гаруда Групп"" (г. Тюмень)";-593,25;9889,17;10482,42;-593,25;0,562825;6;0;283,23;239;12;385,396
К0048629;ООО «ГЕФЕСТ»;259,19;828,17;568,98;259,19;0,135239;3;0;0;196;18;0
К0048651;ООО НПП «Телекс ЛТД»;969,85;2339,04;1369,19;969,85;0,143288;2;0;0;5;3;83,0256
К0048716;КСИ (г. Курган);4885,09;43492,52;38607,43;4235,66;5,274711;27;230,0511;0;277;135;0
К0048836;ООО «Компания Сити Сервис»;59,32;1635,55;1576,23;59,32;0,24564;4;0,375;0;94;10;21,18
К0048897;ООО «Молл»;149,15;2282,26;2133,11;149,15;1,30881;4;0;0;320;15;0
К0048909;Терминал 7  (г. Тюмень);1129,12;15255,52;14126,4;1129,12;1,317137;14;1004,9665;180,41;569;71;32,2316
К0048914;Партнер Канц (г. Нижневартовск);456,8;1649,12;1192,32;456,8;0,341255;8;0;0;46;15;0
К0048920;Нью Медиа  (г. Тюмень);2347,22;13047,9;10700,68;2347,22;8,715067;13;0;0;29;27;0
К0048983;"ООО ""ПромЛогистика""";2123,27;13062,39;10939,12;2123,27;5,356027;24;0;0;26;28;0
К0049013;Техносервис (г. Тюмень);13,45;143,14;129,69;13,45;0,0504;2;0;0;17;2;4,32
К0049016;Артемов Д.А.;25,36;186,69;161,33;25,36;0,007806;1;0,3542;0;24;15;7,4676
К0049058;ООО «АЛЬФА-СБ»;381,97;9109,95;8727,98;381,97;0,333295;9;15,4401;0;54;27;152,2108
К0049129;А-Кей (г. Тюмень)  НОВЫЙ;3323,07;25143,97;21820,9;3323,07;3,14559;35;77,1604;94,24;1109;66;157,578
К0049273;Аксёнов А.А.;4113,56;20768,9;16655,34;4113,56;11,471853;27;0;0;39;38;0
К0049660;Ассорти;418953,26;4488774,14;4069820,88;454955,21;201,544762;3;0;0;211195;6;0
К0049674;ООО «АйТиБокс»;1019,91;4618,68;3598,77;1019,91;1,11002;3;1,581;0;59;5;145,572
К0049688;ООО “АйТи+” (г.Тюмень);129,73;10595,18;10465,45;129,73;4,18716;4;17;0;42;4;18,36
К0049710;ООО «Микро-Копир»;1076,95;6291,82;5214,87;1076,95;0,389951;11;0;17,97;19;11;172,4916
К0049742;ООО «ТК СОМ»;4;9,48;5,48;4;0,00045;1;0;0;1;1;0,3792
К0049758;Мебельный Салон LORENA (Челябинск);383,06;1873,93;1490,87;383,06;1,684227;2;0;0;5;5;0
К0049783;ООО «СТЭМ-Урал»;322,12;1347,49;1025,37;322,12;0,39009;1;4,227;0;6;6;37,5836
К0050023;ООО «ЯВИАР»;182,45;465,99;283,54;182,45;0,005044;1;0;0;26;11;0
К0050049;ООО «НекстИнфо»;161,21;7003,26;6842,05;161,21;0,049352;2;0;0;40;2;227,9904
К0050112;ООО «Торгово-финансовая компания «ЕВРАЗИЯ»;20,81;81,29;60,48;20,81;0,005472;1;0;0;1;1;0
К0050127;Энерго-Д;149,88;2047,01;1897,13;149,88;0,959792;1;0;0;32;12;0
К0050210;ООО «Орбител»;108,19;1657,64;1549,45;108,19;0,315049;6;0;0;157;16;39,3516
К0050272;"ООО ""Парнас""";151,14;2482,71;2331,57;151,14;0,261955;3;13,432;0;77;14;0
К0050277;ООО «ЮНИТОН»;-15,63;1140;1155,63;-15,63;0,043013;3;58,93;0;4;3;0
К0050288;ООО «ИНТЭКО»;453,93;5504,58;5050,65;453,93;0,079095;1;0;0;6;2;0,1832
К0050345;ООО «Сети и Технологии»;0,33;1147,95;1147,62;0,33;0,008587;4;0;0;13;7;45,918
К0050621;ООО ТД «ПРОВИАНТ»;41,52;590,5;548,98;41,52;0,26783;1;0;0;60;12;0
К0050624;ООО «Уралэкспо» (г.Тюмень);1,33;876,11;874,78;1,33;0,197789;2;23,645;0;21;8;27,7912
К0050644;"ООО ""СТРОЙТЕХ""";-603449,71;897751,93;1501201,64;-603449,71;83,916;1;0;0;50400;1;0
К0050884;ООО «Сити-газ» (г. Сургут);142,45;488,41;345,96;142,45;0,00594;1;0;0;40;9;14,6523
К0050976;ООО «УГМК-Телеком»;2325,55;17005,78;14680,23;2325,55;1,573022;13;0;0;82;21;200,672
К0051027;"ООО ""Первый компьютерный""";81,05;2030;1948,95;81,05;0,315828;1;0;0;5;1;0
К0051040;АйТи Идея;56,17;237,62;181,45;56,17;0,11305;1;0;0;1;1;0
К0051119;ООО «АльфаКом»;-103,09;1914,38;2017,47;-100,32;0,110924;2;466,1386;428,6794;367;18;0
К0051177;СОВИНТЕХ;103,35;1038,22;934,87;103,35;0,050951;2;0;0;15;11;0
К0051199;ООО «КОМТЕХ»;434,32;4466,74;4032,42;434,32;0,310539;2;0;0;2;2;85,2
К0068921;"ООО ""СтройИндустрия""";32,21;245,85;213,64;32,21;0,000605;1;0;0;55;1;9,834
К0068935;ИП Яковлев Дмитрий Викторович;2468,07;11455,05;8986,98;2468,07;1,433329;63;8,95;8,95;5105;569;0
К0069045;ИП Александров А.А.;-72,18;1650,5;1722,68;-72,18;0,008963;3;82,855;0;28;4;66,02
К0069182;ООО «ИСТ Кама»;7141,9;47523,23;40381,33;7135,44;6,386028;31;466,1838;135,31;454;183;513,1428
К0069288;"ООО ""ТЕХНОПОЛИС""";615,08;5520;4904,92;615,08;0,378;1;0;0;100;2;0
К0069392;ИП Коваленко О.А. (г. Тюмень);55,26;543,2;487,94;55,26;0,051405;1;0;0;1;1;0
К0069410;XRX-Екатеринбург;88,4;1464,2;1375,8;88,4;0,075113;1;0;0;13;9;0
К0069425;"ООО ""ТЕХНОПАРК-АВТОМАТИЗАЦИЯ""";535,88;4034,09;3498,21;535,88;0,264994;1;0;0;2;2;0
К0069475;ООО «ИнТехТрейд»;48,51;1217,85;1169,34;48,51;0,020372;5;20,8;0;10;5;48,714
К0069628;ООО «КОМ-МАРКЕТ»;6230,39;93707,37;87476,98;7107,59;2,215772;16;141,18;0;7549;33;305,4244
К0069785;ООО «Люкском Видеонаблюдение»;99,14;559,92;460,78;99,14;0,05399;2;0;147,2;7;2;13,0312
К0070077;ООО «АйТи-Альянс»;506,07;1548,21;1042,14;506,07;0,179384;5;11,93;11,93;20;11;1,2928
К0070111;ООО «Компания Сайтсофт»;6,06;51,83;45,77;6,06;0,000385;2;0;0;2;2;0
К0070130;"ООО ""Лайт Групп""";3,15;250,86;247,71;3,15;0,011899;1;0;0;42;18;0
К0070330;"ООО ""Аксиом""";16529,45;110252,91;93723,46;16529,45;7,416827;46;411,6716;52,3494;7285;248;131,3756
К0070475;"ООО ""АВС-безопасность""";37,6;286,17;248,57;37,6;0,016795;2;0;0;4;3;4,2
К0070583;АВАЛОН (г. Ханты-Мансийск );372,62;3215,74;2843,12;372,62;0,143624;4;0;0;11;8;0
К0070635;ООО «Авирис»;42,05;483,82;441,77;42,05;0,001808;6;0;0;9;9;0
К0070767;"ООО "" Интерфейс""";167,8;1308,23;1140,43;167,8;0,064039;2;0;19,84;18;6;0
К0070824;Технопринт;118,57;949,98;831,41;118,57;0,177364;12;5,16;0;34;20;4,92
К0070970;Павлюк Инна Сергеевна (г. Урай);5511,63;31896,86;26385,23;5511,63;7,935354;13;317,583;0;783;243;15,26
К0070979;ООО «РОСИНТЕХ»;1656,59;13015,89;11359,3;1656,59;0,540191;6;0;0;5413;63;0
К0071006;ООО «Ником-Чел»;29,63;322,38;292,75;29,63;0,071719;1;1,4002;0;8;8;12,8952
К0071053;ООО «Ай Ти комплектация»;86,42;13359,33;13272,91;86,42;0,743485;20;125,619;0;131;51;331,7948
К0071062;ООО «СофтПроект»;20,45;781,79;761,34;20,45;0,03848;5;49,75;1,2;8;6;0,4856
К0071239;ООО ООО«Информационные технологии»;10,15;121,11;110,96;10,15;0,015841;2;0;0;4;4;3,576
К0071251;"ООО ""Инфоком""";-24,3;324,3;348,6;-24,3;0,004828;1;17,41;5,29;5;4;12,972
К0071415;ООО “РТСК Урал”;19,06;408,63;389,57;19,06;0,10734;2;3,2937;0;24;2;0
К0071448;ООО «Перспектива»;-1346,4;-23525,1;-22178,7;-1346,4;-9,405888;2;0;0;-79;2;1,04
К0071522;ИП Супоненский Станислав Владимирович;-192,02;3635;3827,02;-192,02;0,146025;2;326,89;0;3;2;10,24
К0071592;ООО «ЭлСи Интеграция»;278,47;4188,5;3910,03;278,47;0,351949;1;0;0;6;5;167,54
К0071755;ОРИОН ПЛЮС (г. Советский);87,61;270,97;183,36;87,61;0,00555;1;0;0;1;1;0
К0071791;"ООО ""Мастер-М""";-52,82;930,18;983;-52,82;0,017906;1;0;0;40;7;37,2072
К0071917;"ООО""ТЕХНОПАРК""";1520,89;11590,79;10069,9;1520,89;9,931891;1;0;0;30;13;0
К0071952;ООО «Полесье»;278,54;995,84;717,3;278,54;0,849167;1;0;0;5;5;0
К0071976;"ООО"" Вега Кухонная техника""";521,88;1298,78;776,9;521,88;0,42471;1;0;0;1;1;0
К0072041;"ООО ""МАРИС""";1268,9;8194,47;6925,57;1268,9;5,143612;10;0;0;20;20;0
К0072124;ИП Сибгатуллин Наиль Гамбарович;-13,31;823,64;836,95;-13,31;0,025098;4;38,9725;0;22;6;25,0788
К0072172;Цифровой век (г. Нефтеюганск);429,96;4397,66;3967,7;429,96;1,144814;10;218,3398;67,07;28;11;7,04
К0072212;ООО Мобиликом;107,13;1012,5;905,37;107,13;0,13295;2;0;0;28;7;26,2164
К0072267;ИП Маркин С.В.;-45,53;631,39;676,92;-45,53;0,008265;1;0;0;14;7;25,2556
К0072294;Яковлев Олег Викторович (г.Радужный);3365,08;23447,8;20082,72;3365,08;4,329146;11;159,2218;0;380;163;531,1992
К0072302;ООО «СувенирОптИмпорт»;-6801,3;40707,86;47509,16;-6801,3;1,867187;4;17,519;0;496;36;0
К0072402;"ООО ""Авангард""";-6,26;270;276,26;-6,26;0,07758;1;0;0;6;2;10,8
К0072408;ООО «Строительная компания «МиР»;5269,9;13689,56;8419,66;5269,9;1,850763;16;0;0;1923;151;364,5776
К0072410;ООО«Частные решения»;1317,81;10504,28;9186,47;1317,81;0,993757;20;65,5525;44,13;57;49;119,0852
К0072477;ООО «Энергетические ресурсы»;28,24;1823,75;1795,51;28,24;0,168895;1;0;0;341;4;0
К0073263;"ООО ""Западная сибирская торговая оптовая компания""";19,6;216,3;196,7;19,6;0,013464;1;0;0;2;1;8,652
К0073326;"ООО ""Меридиан""";200,67;529,94;329,27;200,67;0,604125;1;0;0;1;1;0
К0073354;ИП Авдеева Ольга Викторовна;565,49;12740;12174,51;565,49;0,154905;1;0;0;1;1;0
К0073554;ООО «Баумолл»;562,37;1939,23;1376,86;562,37;0,596929;2;0;0;121;21;0
К0073669;ООО «СтарДирект»;-23,15;143;166,15;-23,15;0,00045;1;18,86;0;1;1;5,72
К0073894;ООО«КУРСОР»;-28,93;8458,57;8487,5;-28,93;1,924266;18;602,6861;0;103;39;135,2564
К0073918;ООО«КомТорг»;-5,77;196;201,77;-5,77;0,0018;1;0;0;4;1;7,84
К0073960;ИП Рученин Евгений Юрьевич;55,65;5010,04;4954,39;55,65;0,691617;5;195,8517;0;37;17;42,6704
К0074004;ООО «Поставка решений»;1205,31;16357,67;15152,36;1205,31;0,645018;32;79,0386;0;194;94;547,8296
К0074031;ЗАО «Пермский центр по АСУ»  Филиал по разработке и внедрению АС ОДУ;317,81;2491,07;2173,26;317,81;0,947801;4;0;0;280;17;63,4756
К0074051;Софт Апдейт (г.Надым);2115,78;19504,56;17388,78;2115,78;3,073371;3;0;0;79;9;262,392
К0074068;ООО «Компис»;82,54;1142,99;1060,45;82,54;0,037239;1;8,1826;0;52;45;45,7196
К0074180;Бизнес Техника;9277,43;130334,31;121056,88;9421,44;4,382153;23;1422,1842;0;105;47;39,744
К0074303;"ООО ""РЗА-Сервис""";4482,14;15001,58;10519,44;4482,14;0,340997;2;0;0;46;9;600,0632
К0074366;ООО «Кристалл-КТ»;255,72;3249,01;2993,29;255,72;0,334825;23;102,502;0;62;37;86,0392
К0074384;"ООО ""ЛОТОС""(г.Тюмень)";1132,3;18248,56;17116,26;1132,3;2,268326;1;0;0;2;1;729,9424
К0074388;ООО «Артекс»;602,89;2599,74;1996,85;602,89;0,176412;1;0;0;24;4;0
К0074404;ООО «МастерСервис»;-4,97;338,8;343,77;-4,97;0,003259;5;0,3;0;11;7;13,552
К0074518;ООО«РегионПроект»;0,05;178;177,95;0,05;0,004784;1;0;0;1;1;7,12
К0074539;"ООО ""МЭК"" (г.Тюмень)";-2365,35;516,61;2881,96;-2365,35;0,165004;2;2105,203;2553,18;242;77;20,6644
К0074571;ООО «Юнит-Партнёр»;1071,49;5248,13;4176,64;1071,49;1,089217;4;0;0;60;14;0
К0074610;"Салон ""Премиум""";2766,42;17613,94;14847,52;2766,42;14,523319;3;0;0;18;16;0
К0074634;ООО «Техно ВК»;56,85;155,94;99,09;56,85;0,053312;1;0;0;1;1;0
К0074680;ООО «Альфа ТЭК»;21,02;180,87;159,85;21,02;0,08064;1;0;0;2;1;0
К0074751;ООО «Аваллон Трейд»;428,6;3667,26;3238,66;428,6;0,348156;1;0;0;3;3;0
К0074808;ИП Кирбин Андрей Юрьевич;167,37;1463,65;1296,28;167,37;0,005523;2;0;0;130;4;0
К0074815;ИП Синяков Сергей Александрович;177,8;1519,31;1341,51;177,8;0,049196;4;31,17;0;17;5;47,146
К0074844;ООО «Группа Компаний Системы Охраны Магазинов»;9,73;2817,07;2807,34;9,73;0,260022;3;51,91;60,91;25;18;100,2556
К0074853;ООО «СКАН-ТЭСТ»;2801,59;16606,74;13805,15;2801,59;1,304761;2;0;0;14;4;0
К0074932;ООО«Логистрим»;186,46;2272,35;2085,89;186,46;0,223536;7;153,3036;0;33;14;20,594
К0075024;ИП Антипкин Алексей Александрович;174,72;1837;1662,28;174,72;0,002049;1;0;0;9;3;73,48
К0075030;"ООО ""ПСЛ""";545,57;5906,13;5360,56;545,57;0,9475;20;5,69;199,54;192;54;55,4568
К0075044;АйТи-Снабжение (г. Нижневартовск);40,63;1186,95;1146,32;40,63;0,174569;2;0;0;9;5;0
К0075105;ООО «ИНТЕКС ГРУПП»;242,87;3279,79;3036,92;242,87;0,112486;6;0;0;25;16;0
К0075123;ООО«Терра»;22,18;103,63;81,45;22,18;0,00857;2;0;0;5;2;2,304
К0075125;ОАО   «Нью Граунд»;212,33;3920,24;3707,91;212,33;0,382934;2;2,5598;0;7;5;0
К0075129;ИП Яркеев Евгений Викторович;2,88;58;55,12;2,88;0,000091;1;0;0;2;1;2,32
К0075178;ИП Буйволенко Сергей Сергеевич;106,38;1509,38;1403;106,38;0,286679;2;0;0;10;3;0
К0075315;ООО «НПП Би-ТЭК»;605,93;1903,94;1298,01;605,93;0,109632;1;0;0;4;2;0
К0075371;ООО «Легос-Урал»;563,42;4566;4002,58;563,42;1,283219;2;1,85;43,04;989;20;96,3076
К0075428;"ООО ""ИТС-Трейд""";133,16;960,86;827,7;133,16;0,156878;3;0;0;24;4;36,188
К0075430;ИП Кардапольцева Мария Валентиновна;47,27;358,58;311,31;47,27;0,1539;1;0;0;6;1;0
К0075533;ООО «Проект Шедевры»;692,19;2038,54;1346,35;692,19;0,523776;1;0;0;1;1;0
К0075586;ООО «ИТС-Системы»;698,9;12333,93;11635,03;698,9;1,436044;1;86,2396;0;10;10;0
К0075594;ИП Сабынин Андрей Анатольевич;263,01;2186,07;1923,06;263,01;1,589305;1;0;0;9;9;0
К0075631;ИП Драчева Валентина Николаевна;179,49;1570,88;1391,39;179,49;0,779858;2;0;0;3;3;0
К0075696;ООО«Промэнерго»;206,15;763,6;557,45;206,15;0,025539;4;0;0;247;13;0
К0075803;ООО «ТиО»;23,58;1110,59;1087,01;23,58;1,500631;1;0;0;4;1;0
К0076008;КАТРАН (г. Курган);271,22;4127,92;3856,7;271,22;0,350872;2;3,03;0;37;7;0
К0076012;ООО «РеСтори»;-15,34;461,32;476,66;-15,34;0,095801;3;23,4505;40,09;10;12;18,4528
К0076075;ООО «Клосс Компьютер»;-173,77;1771,6;1945,37;-173,77;0,204341;6;9,0883;47,44;21;9;20,04
К0076091;ООО«Францком»;2134,88;17005,98;14871,1;2134,88;2,519158;2;0;0;3284;10;0
К0076100;ИП Куренков В.А.;61,58;234,46;172,88;61,58;0,137744;1;0;0;61;4;0
К0076168;ООО «АС «КЛИМАТ КОНТРОЛЬ»;-13469,28;41042,25;54511,53;-13469,28;7,387719;3;0;0;134;17;1055,994
К0076190;АБИС-ТРЕЙД (г. Сургут);-298,31;3795,06;4093,37;-298,31;0,214785;6;2514,09;0;23;13;42,772
К0076216;"ООО ""Торговый Дом Эксперт-М"" (г. Москва)";841,41;7451,81;6610,4;841,41;1,511784;2;244,0615;0;154;68;97,6908
К0076376;ООО «МетУниверсал»;-435,98;2514,08;2950,06;-435,98;0,556305;1;0;0;4;1;0
К0076490;"ООО ""Лебедев""";-197,28;3044,1;3241,38;-197,28;0,292278;11;86,198;24,25;55;33;63,9676
К0076510;"ООО ""Семиречье клининг""";339,44;3941,58;3602,14;339,44;0,673155;1;0;0;28;12;0
К0076706;ООО «ПРОкабель»;-724,15;3287,27;4011,42;-724,15;0,615449;2;1228,19;3507,68;4;4;37,4908
К0076721;ООО «Акрист»;51,27;545,08;493,81;51,27;0,692325;1;0;0;2;2;0
К0076887;"ООО ""ТРЕНД""";-28,37;1371,74;1400,11;-28,37;0,8911;1;0;0;1;1;0
К0077106;ИП Хрущелев Алексей Леонидович;16,7;138;121,3;16,7;0,068068;1;0;0;2;1;5,52
К0077156;ООО «Вертикаль»;1195,4;5207,27;4011,87;1195,4;0,916965;2;0;0;920;31;63,1776
К0077159;ООО «АВ-Трейд»;-12,43;438,88;451,31;-12,43;0,007436;1;0;0;49;3;11,2056
