"","total"
"2010-01-01",0
"2010-01-02",0
"2010-01-03",0
"2010-01-04",0
"2010-01-05",0
"2010-01-06",0
"2010-01-07",0
"2010-01-08",0
"2010-01-09",0
"2010-01-10",0
"2010-01-11",0
"2010-01-12",0
"2010-01-13",0
"2010-01-14",0
"2010-01-15",0
"2010-01-16",0
"2010-01-17",0
"2010-01-18",0
"2010-01-19",0
"2010-01-20",0
"2010-01-21",0
"2010-01-22",0
"2010-01-23",0
"2010-01-24",0
"2010-01-25",0
"2010-01-26",0
"2010-01-27",0
"2010-01-28",0
"2010-01-29",0
"2010-01-30",0
"2010-01-31",0
"2010-02-01",0
"2010-02-02",0
"2010-02-03",0
"2010-02-04",0
"2010-02-05",0
"2010-02-06",0
"2010-02-07",0
"2010-02-08",0
"2010-02-09",0
"2010-02-10",0
"2010-02-11",0
"2010-02-12",0
"2010-02-13",0
"2010-02-14",0
"2010-02-15",0
"2010-02-16",0
"2010-02-17",0
"2010-02-18",0
"2010-02-19",0
"2010-02-20",0
"2010-02-21",0
"2010-02-22",0
"2010-02-23",0
"2010-02-24",0
"2010-02-25",0
"2010-02-26",0
"2010-02-27",0
"2010-02-28",0
"2010-03-01",0
"2010-03-02",0
"2010-03-03",0
"2010-03-04",0
"2010-03-05",0
"2010-03-06",0
"2010-03-07",0
"2010-03-08",0
"2010-03-09",0
"2010-03-10",0
"2010-03-11",0
"2010-03-12",0
"2010-03-13",0
"2010-03-14",0
"2010-03-15",0
"2010-03-16",0
"2010-03-17",0
"2010-03-18",0
"2010-03-19",0
"2010-03-20",0
"2010-03-21",0
"2010-03-22",0
"2010-03-23",0
"2010-03-24",0
"2010-03-25",0
"2010-03-26",0
"2010-03-27",0
"2010-03-28",0
"2010-03-29",0
"2010-03-30",0
"2010-03-31",0
"2010-04-01",0
"2010-04-02",0
"2010-04-03",0
"2010-04-04",0
"2010-04-05",0
"2010-04-06",0
"2010-04-07",0
"2010-04-08",0
"2010-04-09",0
"2010-04-10",0
"2010-04-11",0
"2010-04-12",0
"2010-04-13",0
"2010-04-14",0
"2010-04-15",0
"2010-04-16",0
"2010-04-17",0
"2010-04-18",0
"2010-04-19",0
"2010-04-20",0
"2010-04-21",0
"2010-04-22",0
"2010-04-23",0
"2010-04-24",0
"2010-04-25",0
"2010-04-26",0
"2010-04-27",0
"2010-04-28",0
"2010-04-29",0
"2010-04-30",0
"2010-05-01",0
"2010-05-02",0
"2010-05-03",0
"2010-05-04",0
"2010-05-05",0
"2010-05-06",0
"2010-05-07",0
"2010-05-08",0
"2010-05-09",0
"2010-05-10",0
"2010-05-11",0
"2010-05-12",0
"2010-05-13",0
"2010-05-14",0
"2010-05-15",0
"2010-05-16",0
"2010-05-17",0
"2010-05-18",0
"2010-05-19",0
"2010-05-20",0
"2010-05-21",0
"2010-05-22",0
"2010-05-23",0
"2010-05-24",0
"2010-05-25",0
"2010-05-26",0
"2010-05-27",0
"2010-05-28",0
"2010-05-29",0
"2010-05-30",0
"2010-05-31",0
"2010-06-01",0
"2010-06-02",0
"2010-06-03",0
"2010-06-04",0
"2010-06-05",0
"2010-06-06",0
"2010-06-07",0
"2010-06-08",0
"2010-06-09",0
"2010-06-10",0
"2010-06-11",0
"2010-06-12",0
"2010-06-13",0
"2010-06-14",0
"2010-06-15",0
"2010-06-16",0
"2010-06-17",0
"2010-06-18",0
"2010-06-19",0
"2010-06-20",0
"2010-06-21",0
"2010-06-22",0
"2010-06-23",0
"2010-06-24",0
"2010-06-25",0
"2010-06-26",0
"2010-06-27",0
"2010-06-28",0
"2010-06-29",0
"2010-06-30",0
"2010-07-01",0
"2010-07-02",0
"2010-07-03",0
"2010-07-04",0
"2010-07-05",0
"2010-07-06",0
"2010-07-07",0
"2010-07-08",0
"2010-07-09",0
"2010-07-10",0
"2010-07-11",0
"2010-07-12",0
"2010-07-13",0
"2010-07-14",0
"2010-07-15",0
"2010-07-16",0
"2010-07-17",0
"2010-07-18",0
"2010-07-19",0
"2010-07-20",0
"2010-07-21",0
"2010-07-22",0
"2010-07-23",0
"2010-07-24",0
"2010-07-25",0
"2010-07-26",0
"2010-07-27",0
"2010-07-28",0
"2010-07-29",0
"2010-07-30",0
"2010-07-31",0
"2010-08-01",0
"2010-08-02",0
"2010-08-03",0
"2010-08-04",0
"2010-08-05",0
"2010-08-06",0
"2010-08-07",0
"2010-08-08",0
"2010-08-09",0
"2010-08-10",0
"2010-08-11",0
"2010-08-12",0
"2010-08-13",0
"2010-08-14",0
"2010-08-15",0
"2010-08-16",0
"2010-08-17",0
"2010-08-18",0
"2010-08-19",0
"2010-08-20",0
"2010-08-21",0
"2010-08-22",0
"2010-08-23",0
"2010-08-24",0
"2010-08-25",0
"2010-08-26",0
"2010-08-27",0
"2010-08-28",0
"2010-08-29",0
"2010-08-30",0
"2010-08-31",0
"2010-09-01",0
"2010-09-02",0
"2010-09-03",0
"2010-09-04",0
"2010-09-05",0
"2010-09-06",0
"2010-09-07",0
"2010-09-08",0
"2010-09-09",0
"2010-09-10",0
"2010-09-11",0
"2010-09-12",0
"2010-09-13",0
"2010-09-14",0
"2010-09-15",0
"2010-09-16",0
"2010-09-17",0
"2010-09-18",0
"2010-09-19",0
"2010-09-20",0
"2010-09-21",0
"2010-09-22",0
"2010-09-23",0
"2010-09-24",0
"2010-09-25",0
"2010-09-26",0
"2010-09-27",0
"2010-09-28",0
"2010-09-29",0
"2010-09-30",0
"2010-10-01",0
"2010-10-02",0
"2010-10-03",0
"2010-10-04",0
"2010-10-05",0
"2010-10-06",0
"2010-10-07",0
"2010-10-08",0
"2010-10-09",0
"2010-10-10",0
"2010-10-11",0
"2010-10-12",0
"2010-10-13",0
"2010-10-14",0
"2010-10-15",0
"2010-10-16",0
"2010-10-17",0
"2010-10-18",0
"2010-10-19",0
"2010-10-20",0
"2010-10-21",0
"2010-10-22",0
"2010-10-23",0
"2010-10-24",0
"2010-10-25",0
"2010-10-26",0
"2010-10-27",0
"2010-10-28",0
"2010-10-29",0
"2010-10-30",0
"2010-10-31",0
"2010-11-01",0
"2010-11-02",0
"2010-11-03",0
"2010-11-04",0
"2010-11-05",0
"2010-11-06",0
"2010-11-07",0
"2010-11-08",0
"2010-11-09",0
"2010-11-10",0
"2010-11-11",0
"2010-11-12",0
"2010-11-13",0
"2010-11-14",0
"2010-11-15",0
"2010-11-16",0
"2010-11-17",0
"2010-11-18",0
"2010-11-19",0
"2010-11-20",0
"2010-11-21",0
"2010-11-22",0
"2010-11-23",0
"2010-11-24",0
"2010-11-25",0
"2010-11-26",0
"2010-11-27",0
"2010-11-28",0
"2010-11-29",0
"2010-11-30",0
"2010-12-01",0
"2010-12-02",0
"2010-12-03",0
"2010-12-04",0
"2010-12-05",0
"2010-12-06",0
"2010-12-07",0
"2010-12-08",0
"2010-12-09",0
"2010-12-10",0
"2010-12-11",0
"2010-12-12",0
"2010-12-13",0
"2010-12-14",0
"2010-12-15",0
"2010-12-16",0
"2010-12-17",0
"2010-12-18",0
"2010-12-19",0
"2010-12-20",0
"2010-12-21",0
"2010-12-22",0
"2010-12-23",0
"2010-12-24",0
"2010-12-25",0
"2010-12-26",0
"2010-12-27",0
"2010-12-28",0
"2010-12-29",0
"2010-12-30",0
"2010-12-31",0
"2011-01-01",0
"2011-01-02",0
"2011-01-03",0
"2011-01-04",0
"2011-01-05",0
"2011-01-06",0
"2011-01-07",0
"2011-01-08",0
"2011-01-09",0
"2011-01-10",0
"2011-01-11",0
"2011-01-12",0
"2011-01-13",0
"2011-01-14",0
"2011-01-15",0
"2011-01-16",0
"2011-01-17",0
"2011-01-18",0
"2011-01-19",0
"2011-01-20",0
"2011-01-21",0
"2011-01-22",0
"2011-01-23",0
"2011-01-24",0
"2011-01-25",0
"2011-01-26",0
"2011-01-27",0
"2011-01-28",0
"2011-01-29",0
"2011-01-30",0
"2011-01-31",0
"2011-02-01",0
"2011-02-02",0
"2011-02-03",417889
"2011-02-04",517131
"2011-02-05",901655
"2011-02-06",749634
"2011-02-07",308152
"2011-02-08",395980
"2011-02-09",256176
"2011-02-10",336099
"2011-02-11",414540
"2011-02-12",837841
"2011-02-13",643610
"2011-02-14",435202
"2011-02-15",351380
"2011-02-16",263480
"2011-02-17",256452
"2011-02-18",335112
"2011-02-19",718447
"2011-02-20",599548
"2011-02-21",207488
"2011-02-22",402308
"2011-02-23",856209
"2011-02-24",213354
"2011-02-25",303026
"2011-02-26",601274
"2011-02-27",536069
"2011-02-28",200710
"2011-03-01",247530
"2011-03-02",197593
"2011-03-03",311652
"2011-03-04",331149
"2011-03-05",499726
"2011-03-06",729223
"2011-03-07",843382
"2011-03-08",838414
"2011-03-09",253154
"2011-03-10",284279
"2011-03-11",459387
"2011-03-12",853511
"2011-03-13",653575
"2011-03-14",266071
"2011-03-15",324940
"2011-03-16",273306
"2011-03-17",415098
"2011-03-18",585438
"2011-03-19",1026167
"2011-03-20",860584
"2011-03-21",405103
"2011-03-22",473048
"2011-03-23",415171
"2011-03-24",505236
"2011-03-25",603070
"2011-03-26",971942
"2011-03-27",808399
"2011-03-28",364281
"2011-03-29",423500
"2011-03-30",352832
"2011-03-31",411770
"2011-04-01",506613
"2011-04-02",802347
"2011-04-03",826058
"2011-04-04",335472
"2011-04-05",449460
"2011-04-06",317152
"2011-04-07",384064
"2011-04-08",532235
"2011-04-09",1105634
"2011-04-10",992551
"2011-04-11",354031
"2011-04-12",456920
"2011-04-13",337325
"2011-04-14",404361
"2011-04-15",539835
"2011-04-16",1038829
"2011-04-17",807004
"2011-04-18",281833
"2011-04-19",397000
"2011-04-20",285627
"2011-04-21",332576
"2011-04-22",435267
"2011-04-23",754435
"2011-04-24",642660
"2011-04-25",270184
"2011-04-26",401460
"2011-04-27",346767
"2011-04-28",595797
"2011-04-29",651608
"2011-04-30",982527
"2011-05-01",1053399
"2011-05-02",887382
"2011-05-03",416760
"2011-05-04",381850
"2011-05-05",332247
"2011-05-06",446628
"2011-05-07",742600
"2011-05-08",686114
"2011-05-09",491711
"2011-05-10",392460
"2011-05-11",342762
"2011-05-12",295716
"2011-05-13",350313
"2011-05-14",741372
"2011-05-15",522433
"2011-05-16",251353
"2011-05-17",385820
"2011-05-18",648990
"2011-05-19",623234
"2011-05-20",811197
"2011-05-21",1270390
"2011-05-22",1006597
"2011-05-23",412523
"2011-05-24",592810
"2011-05-25",522593
"2011-05-26",528536
"2011-05-27",565502
"2011-05-28",1003424
"2011-05-29",868379
"2011-05-30",350700
"2011-05-31",527390
"2011-06-01",402182
"2011-06-02",596417
"2011-06-03",674709
"2011-06-04",907978
"2011-06-05",749880
"2011-06-06",370413
"2011-06-07",479570
"2011-06-08",360663
"2011-06-09",332855
"2011-06-10",431750
"2011-06-11",630442
"2011-06-12",787083
"2011-06-13",652908
"2011-06-14",405590
"2011-06-15",318164
"2011-06-16",434778
"2011-06-17",448000
"2011-06-18",745722
"2011-06-19",678133
"2011-06-20",365674
"2011-06-21",346960
"2011-06-22",318833
"2011-06-23",452140
"2011-06-24",455921
"2011-06-25",825360
"2011-06-26",701306
"2011-06-27",348913
"2011-06-28",581890
"2011-06-29",559003
"2011-06-30",625067
"2011-07-01",657912
"2011-07-02",821301
"2011-07-03",674445
"2011-07-04",399935
"2011-07-05",466520
"2011-07-06",406827
"2011-07-07",498098
"2011-07-08",542648
"2011-07-09",957027
"2011-07-10",891677
"2011-07-11",438231
"2011-07-12",457200
"2011-07-13",735640
"2011-07-14",663177
"2011-07-15",647183
"2011-07-16",824133
"2011-07-17",673797
"2011-07-18",455982
"2011-07-19",499220
"2011-07-20",443184
"2011-07-21",454353
"2011-07-22",425485
"2011-07-23",520110
"2011-07-24",491201
"2011-07-25",317698
"2011-07-26",326015
"2011-07-27",331406
"2011-07-28",453127
"2011-07-29",502339
"2011-07-30",812877
"2011-07-31",735306
"2011-08-01",374253
"2011-08-02",377800
"2011-08-03",361662
"2011-08-04",449502
"2011-08-05",487079
"2011-08-06",762517
"2011-08-07",629517
"2011-08-08",365780
"2011-08-09",383075
"2011-08-10",295114
"2011-08-11",423737
"2011-08-12",416400
"2011-08-13",591185
"2011-08-14",535957
"2011-08-15",375619
"2011-08-16",411030
"2011-08-17",372166
"2011-08-18",505198
"2011-08-19",533321
"2011-08-20",830670
"2011-08-21",775039
"2011-08-22",392502
"2011-08-23",466715
"2011-08-24",419675
"2011-08-25",636595
"2011-08-26",651225
"2011-08-27",860916
"2011-08-28",796069
"2011-08-29",395546
"2011-08-30",474335
"2011-08-31",323050
"2011-09-01",489834
"2011-09-02",369316
"2011-09-03",635795
"2011-09-04",568098
"2011-09-05",248634
"2011-09-06",294405
"2011-09-07",243947
"2011-09-08",287614
"2011-09-09",389276
"2011-09-10",683105
"2011-09-11",613262
"2011-09-12",264699
"2011-09-13",321270
"2011-09-14",216810
"2011-09-15",270766
"2011-09-16",333397
"2011-09-17",661687
"2011-09-18",598201
"2011-09-19",213080
"2011-09-20",304180
"2011-09-21",215310
"2011-09-22",242960
"2011-09-23",319666
"2011-09-24",598597
"2011-09-25",483205
"2011-09-26",229103
"2011-09-27",296305
"2011-09-28",219293
"2011-09-29",224842
"2011-09-30",334789
"2011-10-01",605211
"2011-10-02",522711
"2011-10-03",214441
"2011-10-04",287195
"2011-10-05",261009
"2011-10-06",347710
"2011-10-07",379855
"2011-10-08",750038
"2011-10-09",626691
"2011-10-10",281246
"2011-10-11",283040
"2011-10-12",287902
"2011-10-13",398374
"2011-10-14",506977
"2011-10-15",916950
"2011-10-16",806255
"2011-10-17",302666
"2011-10-18",340785
"2011-10-19",302965
"2011-10-20",429468
"2011-10-21",528999
"2011-10-22",943316
"2011-10-23",841585
"2011-10-24",302191
"2011-10-25",354485
"2011-10-26",284684
"2011-10-27",428535
"2011-10-28",566915
"2011-10-29",1199651
"2011-10-30",1118197
"2011-10-31",512195
"2011-11-01",630670
"2011-11-02",562030
"2011-11-03",710323
"2011-11-04",1212606
"2011-11-05",1161187
"2011-11-06",846273
"2011-11-07",286872
"2011-11-08",398945
"2011-11-09",303244
"2011-11-10",440343
"2011-11-11",640496
"2011-11-12",1109771
"2011-11-13",953331
"2011-11-14",315295
"2011-11-15",445069
"2011-11-16",348305
"2011-11-17",589353
"2011-11-18",719352
"2011-11-19",1133313
"2011-11-20",980746
"2011-11-21",433018
"2011-11-22",477315
"2011-11-23",377993
"2011-11-24",381602
"2011-11-25",464919
"2011-11-26",876994
"2011-11-27",672634
"2011-11-28",245750
"2011-11-29",338857
"2011-11-30",265525
"2011-12-01",429355
"2011-12-02",592880
"2011-12-03",1139385
"2011-12-04",934958
"2011-12-05",318662
"2011-12-06",335770
"2011-12-07",321987
"2011-12-08",298167
"2011-12-09",428313
"2011-12-10",837201
"2011-12-11",758424
"2011-12-12",216544
"2011-12-13",287578
"2011-12-14",292199
"2011-12-15",461772
"2011-12-16",642252
"2011-12-17",1153335
"2011-12-18",959123
"2011-12-19",333477
"2011-12-20",402310
"2011-12-21",330518
"2011-12-22",410336
"2011-12-23",516165
"2011-12-24",958863
"2011-12-25",857804
"2011-12-26",322884
"2011-12-27",391220
"2011-12-28",510665
"2011-12-29",877284
"2011-12-30",764441
"2011-12-31",289902
"2012-01-01",1319870
"2012-01-02",1781186
"2012-01-03",1736225
"2012-01-04",1706294
"2012-01-05",1640599
"2012-01-06",1466639
"2012-01-07",1451722
"2012-01-08",1419380
"2012-01-09",1022933
"2012-01-10",563060
"2012-01-11",466622
"2012-01-12",404037
"2012-01-13",465454
"2012-01-14",936002
"2012-01-15",740595
"2012-01-16",311268
"2012-01-17",335913
"2012-01-18",276812
"2012-01-19",410683
"2012-01-20",588088
"2012-01-21",1059844
"2012-01-22",889081
"2012-01-23",336615
"2012-01-24",445475
"2012-01-25",370769
"2012-01-26",437150
"2012-01-27",536201
"2012-01-28",1003806
"2012-01-29",826424
"2012-01-30",312477
"2012-01-31",303265
"2012-02-01",264434
"2012-02-02",382887
"2012-02-03",518773
"2012-02-04",863911
"2012-02-05",722417
"2012-02-06",277998
"2012-02-07",354635
"2012-02-08",267508
"2012-02-09",361549
"2012-02-10",478419
"2012-02-11",901625
"2012-02-12",797875
"2012-02-13",283574
"2012-02-14",595140
"2012-02-15",357058
"2012-02-16",365316
"2012-02-17",498442
"2012-02-18",901287
"2012-02-19",824834
"2012-02-20",282647
"2012-02-21",389210
"2012-02-22",515580
"2012-02-23",1286750
"2012-02-24",543692
"2012-02-25",953697
"2012-02-26",736078
"2012-02-27",272237
"2012-02-28",358745
"2012-02-29",300319
"2012-03-01",301770
"2012-03-02",433392
"2012-03-03",786962
"2012-03-04",739924
"2012-03-05",257390
"2012-03-06",268580
"2012-03-07",485548
"2012-03-08",1508705
"2012-03-09",1351268
"2012-03-10",1015022
"2012-03-11",477796
"2012-03-12",301364
"2012-03-13",441445
"2012-03-14",323618
"2012-03-15",407164
"2012-03-16",565671
"2012-03-17",1270580
"2012-03-18",1165312
"2012-03-19",335687
"2012-03-20",459589
"2012-03-21",380038
"2012-03-22",439664
"2012-03-23",563433
"2012-03-24",1231525
"2012-03-25",1108438
"2012-03-26",510874
"2012-03-27",562104
"2012-03-28",511762
"2012-03-29",713339
"2012-03-30",845034
"2012-03-31",1222722
"2012-04-01",998652
"2012-04-02",353504
"2012-04-03",423070
"2012-04-04",361117
"2012-04-05",600351
"2012-04-06",673162
"2012-04-07",1288732
"2012-04-08",1116391
"2012-04-09",413101
"2012-04-10",508230
"2012-04-11",465876
"2012-04-12",434846
"2012-04-13",533698
"2012-04-14",762794
"2012-04-15",848248
"2012-04-16",337632
"2012-04-17",388096
"2012-04-18",294499
"2012-04-19",501922
"2012-04-20",588850
"2012-04-21",946534
"2012-04-22",828994
"2012-04-23",326932
"2012-04-24",354640
"2012-04-25",335362
"2012-04-26",431869
"2012-04-27",416208
"2012-04-28",593180
"2012-04-29",1035613
"2012-04-30",1061275
"2012-05-01",896848
"2012-05-02",314407
"2012-05-03",596269
"2012-05-04",558662
"2012-05-05",621867
"2012-05-06",1110776
"2012-05-07",1076795
"2012-05-08",978314
"2012-05-09",571142
"2012-05-10",367793
"2012-05-11",394941
"2012-05-12",593944
"2012-05-13",664602
"2012-05-14",296655
"2012-05-15",343732
"2012-05-16",336834
"2012-05-17",326120
"2012-05-18",441911
"2012-05-19",625063
"2012-05-20",513794
"2012-05-21",261685
"2012-05-22",334793
"2012-05-23",338031
"2012-05-24",587316
"2012-05-25",668042
"2012-05-26",1018681
"2012-05-27",894127
"2012-05-28",402826
"2012-05-29",429646
"2012-05-30",350851
"2012-05-31",510806
"2012-06-01",566450
"2012-06-02",923458
"2012-06-03",700763
"2012-06-04",357440
"2012-06-05",449265
"2012-06-06",344568
"2012-06-07",655199
"2012-06-08",483878
"2012-06-09",666253
"2012-06-10",1093753
"2012-06-11",1067884
"2012-06-12",737082
"2012-06-13",388845
"2012-06-14",525002
"2012-06-15",569724
"2012-06-16",817077
"2012-06-17",761879
"2012-06-18",412063
"2012-06-19",417500
"2012-06-20",372384
"2012-06-21",423275
"2012-06-22",497538
"2012-06-23",715128
"2012-06-24",736358
"2012-06-25",425909
"2012-06-26",477986
"2012-06-27",460975
"2012-06-28",439884
"2012-06-29",466801
"2012-06-30",587268
"2012-07-01",460754
"2012-07-02",333702
"2012-07-03",363898
"2012-07-04",293446
"2012-07-05",564867
"2012-07-06",660383
"2012-07-07",910007
"2012-07-08",860019
"2012-07-09",506473
"2012-07-10",507918
"2012-07-11",447394
"2012-07-12",668341
"2012-07-13",661665
"2012-07-14",874712
"2012-07-15",820468
"2012-07-16",580289
"2012-07-17",603811
"2012-07-18",622812
"2012-07-19",593361
"2012-07-20",606037
"2012-07-21",844628
"2012-07-22",747722
"2012-07-23",477960
"2012-07-24",516685
"2012-07-25",509533
"2012-07-26",754317
"2012-07-27",645899
"2012-07-28",980845
"2012-07-29",866006
"2012-07-30",507321
"2012-07-31",509429
"2012-08-01",443799
"2012-08-02",540821
"2012-08-03",904234
"2012-08-04",780881
"2012-08-05",717865
"2012-08-06",452091
"2012-08-07",506642
"2012-08-08",432610
"2012-08-09",491177
"2012-08-10",715904
"2012-08-11",777975
"2012-08-12",818559
"2012-08-13",449775
"2012-08-14",486618
"2012-08-15",414824
"2012-08-16",661161
"2012-08-17",700756
"2012-08-18",975182
"2012-08-19",838138
"2012-08-20",438914
"2012-08-21",461595
"2012-08-22",392299
"2012-08-23",485665
"2012-08-24",568293
"2012-08-25",808187
"2012-08-26",674742
"2012-08-27",389740
"2012-08-28",415242
"2012-08-29",356094
"2012-08-30",424701
"2012-08-31",498227
"2012-09-01",849248
"2012-09-02",693294
"2012-09-03",261888
"2012-09-04",304166
"2012-09-05",268300
"2012-09-06",277788
"2012-09-07",399701
"2012-09-08",673568
"2012-09-09",589219
"2012-09-10",250957
"2012-09-11",289783
"2012-09-12",285642
"2012-09-13",482789
"2012-09-14",530625
"2012-09-15",937870
"2012-09-16",743785
"2012-09-17",297268
"2012-09-18",336535
"2012-09-19",282493
"2012-09-20",329453
"2012-09-21",398545
"2012-09-22",678179
"2012-09-23",586763
"2012-09-24",251808
"2012-09-25",289206
"2012-09-26",247770
"2012-09-27",319822
"2012-09-28",410675
"2012-09-29",762965
"2012-09-30",605873
"2012-10-01",242096
"2012-10-02",293513
"2012-10-03",241468
"2012-10-04",365643
"2012-10-05",501180
"2012-10-06",874915
"2012-10-07",711141
"2012-10-08",286673
"2012-10-09",345265
"2012-10-10",307378
"2012-10-11",353440
"2012-10-12",395341
"2012-10-13",756958
"2012-10-14",631573
"2012-10-15",268575
"2012-10-16",291071
"2012-10-17",325879
"2012-10-18",482920
"2012-10-19",628097
"2012-10-20",1009695
"2012-10-21",911657
"2012-10-22",323934
"2012-10-23",374330
"2012-10-24",371139
"2012-10-25",437354
"2012-10-26",710015
"2012-10-27",1150850
"2012-10-28",1079539
"2012-10-29",472481
"2012-10-30",575167
"2012-10-31",532154
"2012-11-01",460802
"2012-11-02",621125
"2012-11-03",1070523
"2012-11-04",1119119
"2012-11-05",831725
"2012-11-06",288487
"2012-11-07",304841
"2012-11-08",314821
"2012-11-09",453147
"2012-11-10",925379
"2012-11-11",724057
"2012-11-12",299543
"2012-11-13",285970
"2012-11-14",331905
"2012-11-15",645602
"2012-11-16",768020
"2012-11-17",1217848
"2012-11-18",963216
"2012-11-19",386844
"2012-11-20",404844
"2012-11-21",402685
"2012-11-22",393642
"2012-11-23",510933
"2012-11-24",950265
"2012-11-25",818446
"2012-11-26",283934
"2012-11-27",312970
"2012-11-28",266616
"2012-11-29",370030
"2012-11-30",496761
"2012-12-01",907454
"2012-12-02",797875
"2012-12-03",295927
"2012-12-04",339179
"2012-12-05",293311
"2012-12-06",293367
"2012-12-07",398097
"2012-12-08",751490
"2012-12-09",595912
"2012-12-10",215324
"2012-12-11",244600
"2012-12-12",246064
"2012-12-13",189454
"2012-12-14",278890
"2012-12-15",584469
"2012-12-16",522178
"2012-12-17",195015
"2012-12-18",226901
"2012-12-19",372130
"2012-12-20",335419
"2012-12-21",418906
"2012-12-22",709486
"2012-12-23",647344
"2012-12-24",230863
"2012-12-25",256232
"2012-12-26",215485
"2012-12-27",406327
"2012-12-28",440688
"2012-12-29",594721
"2012-12-30",735555
"2012-12-31",224084
"2013-01-01",1353609
"2013-01-02",1897597
"2013-01-03",1812501
"2013-01-04",1651174
"2013-01-05",1480270
"2013-01-06",1278843
"2013-01-07",1347593
"2013-01-08",865330
"2013-01-09",464559
"2013-01-10",493006
"2013-01-11",595218
"2013-01-12",996325
"2013-01-13",802169
"2013-01-14",318914
"2013-01-15",367319
"2013-01-16",328397
"2013-01-17",469144
"2013-01-18",578151
"2013-01-19",1034378
"2013-01-20",935641
"2013-01-21",365883
"2013-01-22",394074
"2013-01-23",391922
"2013-01-24",384262
"2013-01-25",484473
"2013-01-26",887677
"2013-01-27",756560
"2013-01-28",312852
"2013-01-29",335447
"2013-01-30",283784
"2013-01-31",381475
"2013-02-01",475394
"2013-02-02",878192
"2013-02-03",706441
"2013-02-04",251165
"2013-02-05",316365
"2013-02-06",274698
"2013-02-07",282080
"2013-02-08",377065
"2013-02-09",733072
"2013-02-10",649332
"2013-02-11",258641
"2013-02-12",295665
"2013-02-13",258877
"2013-02-14",516119
"2013-02-15",399103
"2013-02-16",696145
"2013-02-17",626110
"2013-02-18",247952
"2013-02-19",268402
"2013-02-20",254534
"2013-02-21",272087
"2013-02-22",383346
"2013-02-23",789753
"2013-02-24",620996
"2013-02-25",253237
"2013-02-26",263066
"2013-02-27",246004
"2013-02-28",406954
"2013-03-01",550298
"2013-03-02",829026
"2013-03-03",672546
"2013-03-04",273286
"2013-03-05",318423
"2013-03-06",213136
"2013-03-07",576013
"2013-03-08",1329723
"2013-03-09",1144201
"2013-03-10",801713
"2013-03-11",264097
"2013-03-12",315800
"2013-03-13",300710
"2013-03-14",310195
"2013-03-15",392725
"2013-03-16",900364
"2013-03-17",779216
"2013-03-18",270482
"2013-03-19",298657
"2013-03-20",278701
"2013-03-21",310553
"2013-03-22",422140
"2013-03-23",861620
"2013-03-24",742707
"2013-03-25",353198
"2013-03-26",407670
"2013-03-27",402282
"2013-03-28",552703
"2013-03-29",620913
"2013-03-30",1058095
"2013-03-31",793532
"2013-04-01",257614
"2013-04-02",275329
"2013-04-03",239495
"2013-04-04",264050
"2013-04-05",408121
"2013-04-06",826906
"2013-04-07",704488
"2013-04-08",222586
"2013-04-09",284629
"2013-04-10",288680
"2013-04-11",327382
"2013-04-12",511966
"2013-04-13",902457
"2013-04-14",767374
"2013-04-15",255026
"2013-04-16",291912
"2013-04-17",245011
"2013-04-18",348340
"2013-04-19",493499
"2013-04-20",795581
"2013-04-21",684262
"2013-04-22",241102
"2013-04-23",291791
"2013-04-24",277810
"2013-04-25",332409
"2013-04-26",460598
"2013-04-27",699497
"2013-04-28",683918
"2013-04-29",270773
"2013-04-30",333944
"2013-05-01",847912
"2013-05-02",1097320
"2013-05-03",912514
"2013-05-04",800151
"2013-05-05",662637
"2013-05-06",285216
"2013-05-07",304335
"2013-05-08",375924
"2013-05-09",595432
"2013-05-10",590859
"2013-05-11",521048
"2013-05-12",383454
"2013-05-13",149604
"2013-05-14",179173
"2013-05-15",212685
"2013-05-16",316719
"2013-05-17",394085
"2013-05-18",704516
"2013-05-19",524197
"2013-05-20",227369
"2013-05-21",267764
"2013-05-22",332362
"2013-05-23",618950
"2013-05-24",665042
"2013-05-25",867730
"2013-05-26",679036
"2013-05-27",362525
"2013-05-28",384149
"2013-05-29",299929
"2013-05-30",467345
"2013-05-31",519993
"2013-06-01",719483
"2013-06-02",599673
"2013-06-03",310369
"2013-06-04",353669
"2013-06-05",318884
"2013-06-06",439378
"2013-06-07",494387
"2013-06-08",815226
"2013-06-09",650004
"2013-06-10",292988
"2013-06-11",385593
"2013-06-12",659387
"2013-06-13",420941
"2013-06-14",536937
"2013-06-15",777586
"2013-06-16",570122
"2013-06-17",336617
"2013-06-18",375446
"2013-06-19",314571
"2013-06-20",472271
"2013-06-21",500376
"2013-06-22",617225
"2013-06-23",600223
"2013-06-24",368738
"2013-06-25",382797
"2013-06-26",409028
"2013-06-27",526415
"2013-06-28",558744
"2013-06-29",801567
"2013-06-30",761284
"2013-07-01",470009
"2013-07-02",417154
"2013-07-03",410201
"2013-07-04",517817
"2013-07-05",526504
"2013-07-06",635207
"2013-07-07",629118
"2013-07-08",361437
"2013-07-09",397842
"2013-07-10",413224
"2013-07-11",488787
"2013-07-12",582682
"2013-07-13",837155
"2013-07-14",816915
"2013-07-15",452391
"2013-07-16",414618
"2013-07-17",458066
"2013-07-18",477660
"2013-07-19",593821
"2013-07-20",867194
"2013-07-21",738934
"2013-07-22",357955
"2013-07-23",398170
"2013-07-24",364214
"2013-07-25",545113
"2013-07-26",601386
"2013-07-27",805623
"2013-07-28",661209
"2013-07-29",364397
"2013-07-30",379709
"2013-07-31",400116
"2013-08-01",494959
"2013-08-02",504851
"2013-08-03",797576
"2013-08-04",661984
"2013-08-05",370756
"2013-08-06",371732
"2013-08-07",423840
"2013-08-08",506744
"2013-08-09",562931
"2013-08-10",750067
"2013-08-11",647109
"2013-08-12",369554
"2013-08-13",358650
"2013-08-14",377360
"2013-08-15",610424
"2013-08-16",636603
"2013-08-17",868124
"2013-08-18",764737
"2013-08-19",407673
"2013-08-20",446310
"2013-08-21",451100
"2013-08-22",410148
"2013-08-23",478336
"2013-08-24",688071
"2013-08-25",717522
"2013-08-26",402075
"2013-08-27",357449
"2013-08-28",398895
"2013-08-29",434408
"2013-08-30",459936
"2013-08-31",638472
"2013-09-01",552532
"2013-09-02",337600
"2013-09-03",270921
"2013-09-04",227249
"2013-09-05",222776
"2013-09-06",251841
"2013-09-07",645856
"2013-09-08",513926
"2013-09-09",201746
"2013-09-10",230743
"2013-09-11",262613
"2013-09-12",279638
"2013-09-13",346500
"2013-09-14",642962
"2013-09-15",545794
"2013-09-16",210872
"2013-09-17",252549
"2013-09-18",216068
"2013-09-19",286228
"2013-09-20",359790
"2013-09-21",601263
"2013-09-22",514424
"2013-09-23",194697
"2013-09-24",232431
"2013-09-25",235178
"2013-09-26",272845
"2013-09-27",314277
"2013-09-28",625725
"2013-09-29",545433
"2013-09-30",167934
"2013-10-01",258865
"2013-10-02",212680
"2013-10-03",325077
"2013-10-04",453495
"2013-10-05",743626
"2013-10-06",641399
"2013-10-07",259753
"2013-10-08",344920
"2013-10-09",282751
"2013-10-10",439040
"2013-10-11",560014
"2013-10-12",1061965
"2013-10-13",995899
"2013-10-14",352056
"2013-10-15",386682
"2013-10-16",398917
"2013-10-17",396175
"2013-10-18",511927
"2013-10-19",977532
"2013-10-20",838144
"2013-10-21",280842
"2013-10-22",371139
"2013-10-23",307679
"2013-10-24",340218
"2013-10-25",459894
"2013-10-26",992228.5
"2013-10-27",838284
"2013-10-28",373884
"2013-10-29",439368
"2013-10-30",429259
"2013-10-31",358055
"2013-11-01",587406.5
"2013-11-02",1073008
"2013-11-03",1182100.5
"2013-11-04",927898
"2013-11-05",335707
"2013-11-06",330854
"2013-11-07",318393
"2013-11-08",432221
"2013-11-09",942092
"2013-11-10",786185
"2013-11-11",247887
"2013-11-12",283827
"2013-11-13",257001
"2013-11-14",349257
"2013-11-15",487018
"2013-11-16",985079.5
"2013-11-17",791994
"2013-11-18",285445
"2013-11-19",303027
"2013-11-20",290378
"2013-11-21",432264
"2013-11-22",535821
"2013-11-23",891264
"2013-11-24",691373.5
"2013-11-25",269307
"2013-11-26",259502
"2013-11-27",239320
"2013-11-28",261099
"2013-11-29",334176
"2013-11-30",654870
"2013-12-01",561063
"2013-12-02",197977
"2013-12-03",221326
"2013-12-04",208340
"2013-12-05",230408
"2013-12-06",295869
"2013-12-07",679613
"2013-12-08",548232
"2013-12-09",203911
"2013-12-10",239507
"2013-12-11",214283
"2013-12-12",238569
"2013-12-13",346383
"2013-12-14",664306
"2013-12-15",614704
"2013-12-16",185795
"2013-12-17",233973
"2013-12-18",354232
"2013-12-19",377229
"2013-12-20",451577
"2013-12-21",904557
"2013-12-22",845397
"2013-12-23",270507.5
"2013-12-24",299501
"2013-12-25",329928.5
"2013-12-26",473194
"2013-12-27",512813
"2013-12-28",932416
"2013-12-29",894176
"2013-12-30",502151.5
"2013-12-31",221600
"2014-01-01",1213128
"2014-01-02",1672907
"2014-01-03",1523974.5
"2014-01-04",1427161
"2014-01-05",1373712
"2014-01-06",1220991.5
"2014-01-07",1176285
"2014-01-08",940131
"2014-01-09",492881
"2014-01-10",583807
"2014-01-11",929930
"2014-01-12",658527
"2014-01-13",280505
"2014-01-14",298285
"2014-01-15",279310
"2014-01-16",296700
"2014-01-17",387805
"2014-01-18",711800
"2014-01-19",646680
"2014-01-20",212430
"2014-01-21",277800
"2014-01-22",244790
"2014-01-23",322620
"2014-01-24",401500
"2014-01-25",851301
"2014-01-26",690685
"2014-01-27",241410
"2014-01-28",258206
"2014-01-29",215640
"2014-01-30",325167
"2014-01-31",440210
"2014-02-01",929453
"2014-02-02",770860
"2014-02-03",273100
"2014-02-04",312490
"2014-02-05",280750
"2014-02-06",312375
"2014-02-07",353780
"2014-02-08",742780
"2014-02-09",653730
"2014-02-10",255410
"2014-02-11",323790
"2014-02-12",218250
"2014-02-13",289112
"2014-02-14",648232
"2014-02-15",811835
"2014-02-16",693025
"2014-02-17",238565
"2014-02-18",316755
"2014-02-19",221365
"2014-02-20",230250
"2014-02-21",334165
"2014-02-22",754735
"2014-02-23",678700
"2014-02-24",227360
"2014-02-25",286120
"2014-02-26",237515
"2014-02-27",242685
"2014-02-28",337275
"2014-03-01",743430
"2014-03-02",605240
"2014-03-03",202550
"2014-03-04",266140
"2014-03-05",201060
"2014-03-06",279907
"2014-03-07",433067
"2014-03-08",1072690
"2014-03-09",979920
"2014-03-10",690860
"2014-03-11",268235
"2014-03-12",243665
"2014-03-13",275090
"2014-03-14",380120
"2014-03-15",771954
"2014-03-16",733735
"2014-03-17",235210
"2014-03-18",311550
"2014-03-19",263410
"2014-03-20",318980
"2014-03-21",444890
"2014-03-22",944875
"2014-03-23",918554
"2014-03-24",358910
"2014-03-25",503545
"2014-03-26",401380
"2014-03-27",593261
"2014-03-28",756223
"2014-03-29",1266260
"2014-03-30",1010880
"2014-03-31",375950
"2014-04-01",364310
"2014-04-02",278430
"2014-04-03",319780
"2014-04-04",424334
"2014-04-05",899807
"2014-04-06",747070
"2014-04-07",231978
"2014-04-08",319975
"2014-04-09",247515
"2014-04-10",276265
"2014-04-11",406534
"2014-04-12",779758
"2014-04-13",684323
"2014-04-14",203570
"2014-04-15",296625
"2014-04-16",223747
"2014-04-17",241777
"2014-04-18",332108
"2014-04-19",577375
"2014-04-20",544250
"2014-04-21",191150
"2014-04-22",277920
"2014-04-23",204485
"2014-04-24",358365
"2014-04-25",340840
"2014-04-26",832795
"2014-04-27",755072
"2014-04-28",240770
"2014-04-29",267690
"2014-04-30",313402
"2014-05-01",877418
"2014-05-02",771685
"2014-05-03",666265
"2014-05-04",522905
"2014-05-05",192600
"2014-05-06",290750
"2014-05-07",212770
"2014-05-08",327300
"2014-05-09",551870
"2014-05-10",494070
"2014-05-11",420900
"2014-05-12",149700
"2014-05-13",208880
"2014-05-14",159185
"2014-05-15",241290
"2014-05-16",329390
"2014-05-17",534015
"2014-05-18",561543
"2014-05-19",191746
"2014-05-20",264145
"2014-05-21",165420
"2014-05-22",351415
"2014-05-23",435205
"2014-05-24",684462
"2014-05-25",487739
"2014-05-26",269525
"2014-05-27",373715
"2014-05-28",299629
"2014-05-29",479805
"2014-05-30",541866
"2014-05-31",767435
"2014-06-01",654880
"2014-06-02",303766
"2014-06-03",457325
"2014-06-04",311620
"2014-06-05",414481
"2014-06-06",468606
"2014-06-07",793024
"2014-06-08",596271
"2014-06-09",322921
"2014-06-10",396615
"2014-06-11",460939
"2014-06-12",1195174
"2014-06-13",982645
"2014-06-14",864797
"2014-06-15",708641
"2014-06-16",434961
"2014-06-17",500018
"2014-06-18",409593
"2014-06-19",394754
"2014-06-20",415665
"2014-06-21",586326
"2014-06-22",422387
"2014-06-23",261080
"2014-06-24",303564
"2014-06-25",327117
"2014-06-26",601188
"2014-06-27",574249
"2014-06-28",776103
"2014-06-29",702841
"2014-06-30",371166
"2014-07-01",376983
"2014-07-02",303814
"2014-07-03",373506
"2014-07-04",371764
"2014-07-05",538582
"2014-07-06",490502
"2014-07-07",327031
"2014-07-08",330962
"2014-07-09",290399
"2014-07-10",343524
"2014-07-11",457741
"2014-07-12",799727
"2014-07-13",675474
"2014-07-14",333575
"2014-07-15",355637
"2014-07-16",279155
"2014-07-17",562133
"2014-07-18",612818
"2014-07-19",948124
"2014-07-20",898559
"2014-07-21",408657
"2014-07-22",489622
"2014-07-23",430817
"2014-07-24",556028
"2014-07-25",568706
"2014-07-26",851465
"2014-07-27",814377
"2014-07-28",387334
"2014-07-29",437528
"2014-07-30",351038
"2014-07-31",534244
"2014-08-01",569916
"2014-08-02",804850
"2014-08-03",696144
"2014-08-04",398415
"2014-08-05",437447
"2014-08-06",364445
"2014-08-07",528931
"2014-08-08",507046
"2014-08-09",639819
"2014-08-10",533089
"2014-08-11",261908
"2014-08-12",486314
"2014-08-13",408522
"2014-08-14",420696
"2014-08-15",471083
"2014-08-16",648445
"2014-08-17",584354
"2014-08-18",304874
"2014-08-19",396388
"2014-08-20",324926
"2014-08-21",367962
"2014-08-22",408086
"2014-08-23",683101
"2014-08-24",577132
"2014-08-25",309433
"2014-08-26",345051
"2014-08-27",316060
"2014-08-28",351147
"2014-08-29",388956
"2014-08-30",583074
"2014-08-31",513666
"2014-09-01",305120
"2014-09-02",261880
"2014-09-03",202070
"2014-09-04",174010
"2014-09-05",249345
"2014-09-06",561385
"2014-09-07",464540
"2014-09-08",158093
"2014-09-09",226435
"2014-09-10",173125
"2014-09-11",265577
"2014-09-12",322582
"2014-09-13",609662
"2014-09-14",642158
"2014-09-15",220814
"2014-09-16",305975
"2014-09-17",215786
"2014-09-18",286218
"2014-09-19",330079
"2014-09-20",722989
"2014-09-21",593425
"2014-09-22",200691
"2014-09-23",297415
"2014-09-24",206086
"2014-09-25",273240
"2014-09-26",374551
"2014-09-27",705175
"2014-09-28",634011
"2014-09-29",197778
"2014-09-30",278810
"2014-10-01",203856
"2014-10-02",281955
"2014-10-03",403382
"2014-10-04",823470
"2014-10-05",674470
"2014-10-06",270769
"2014-10-07",291960
"2014-10-08",225021
"2014-10-09",350331
"2014-10-10",409242
"2014-10-11",840531
"2014-10-12",700834
"2014-10-13",218005
"2014-10-14",321340
"2014-10-15",275975
"2014-10-16",263064
"2014-10-17",382807
"2014-10-18",639117
"2014-10-19",578933
"2014-10-20",186723
"2014-10-21",279340
"2014-10-22",245595
"2014-10-23",289817
"2014-10-24",429802
"2014-10-25",773337
"2014-10-26",721525
"2014-10-27",259368
"2014-10-28",348542
"2014-10-29",274392
"2014-10-30",329509
"2014-10-31",384244
"2014-11-01",768884
"2014-11-02",915767
"2014-11-03",822321
"2014-11-04",621185
"2014-11-05",208597
"2014-11-06",332062
"2014-11-07",447034
"2014-11-08",802914
"2014-11-09",675920
"2014-11-10",215943
"2014-11-11",322625
"2014-11-12",214571
"2014-11-13",253367
"2014-11-14",350687
"2014-11-15",827100
"2014-11-16",686877
"2014-11-17",178015
"2014-11-18",269933
"2014-11-19",219786
"2014-11-20",417826
"2014-11-21",445204
"2014-11-22",910656
"2014-11-23",714924
"2014-11-24",217344
"2014-11-25",301501
"2014-11-26",220480
"2014-11-27",284644
"2014-11-28",419844
"2014-11-29",887853
"2014-11-30",754549
"2014-12-01",196796
"2014-12-02",271028
"2014-12-03",193182
"2014-12-04",243637
"2014-12-05",293081
"2014-12-06",653427
"2014-12-07",559243
"2014-12-08",167944
"2014-12-09",248092
"2014-12-10",175337
"2014-12-11",533549
"2014-12-12",551206
"2014-12-13",1110960
"2014-12-14",950843
"2014-12-15",290023
"2014-12-16",325458
"2014-12-17",254618
"2014-12-18",206599
"2014-12-19",362780
"2014-12-20",713627
"2014-12-21",641470
"2014-12-22",204483
"2014-12-23",247388
"2014-12-24",184026
"2014-12-25",268323
"2014-12-26",370638
"2014-12-27",709476
"2014-12-28",686693
"2014-12-29",347529
"2014-12-30",360029
"2014-12-31",168169
"2015-01-01",1451619
"2015-01-02",1973310
"2015-01-03",1836040
"2015-01-04",1678405
"2015-01-05",1563091
"2015-01-06",1308604
"2015-01-07",1371969
"2015-01-08",1412412
"2015-01-09",1233197
"2015-01-10",1218745
"2015-01-11",835015
"2015-01-12",247315
"2015-01-13",334722
"2015-01-14",254775
"2015-01-15",285069
"2015-01-16",423364
"2015-01-17",848567
"2015-01-18",692517
"2015-01-19",211434
"2015-01-20",307364
"2015-01-21",239894
"2015-01-22",275396
"2015-01-23",360400
"2015-01-24",826176
"2015-01-25",681115
"2015-01-26",220510
"2015-01-27",311196
"2015-01-28",212786
"2015-01-29",231985
"2015-01-30",279592
"2015-01-31",634005
"2015-02-01",510619
"2015-02-02",170309
"2015-02-03",240160
"2015-02-04",151366
"2015-02-05",285548
"2015-02-06",353931
"2015-02-07",733614
"2015-02-08",592069
"2015-02-09",195847
"2015-02-10",304388
"2015-02-11",213428
"2015-02-12",726904
"2015-02-13",794688
"2015-02-14",1449792
"2015-02-15",955673
"2015-02-16",407233
"2015-02-17",466040
"2015-02-18",341312
"2015-02-19",326473
"2015-02-20",512504
"2015-02-21",858813
"2015-02-22",865714
"2015-02-23",834024
"2015-02-24",322480
"2015-02-25",234019
"2015-02-26",341552
"2015-02-27",421073
"2015-02-28",898845
"2015-03-01",740298
"2015-03-02",218908
"2015-03-03",301730
"2015-03-04",223047
"2015-03-05",320315
"2015-03-06",467944
"2015-03-07",910521
"2015-03-08",1216500
"2015-03-09",844161
"2015-03-10",328535
"2015-03-11",264876
"2015-03-12",252394
"2015-03-13",371805
"2015-03-14",839727
"2015-03-15",685218
"2015-03-16",206233
"2015-03-17",310250
"2015-03-18",209815
"2015-03-19",294562
"2015-03-20",430276
"2015-03-21",890148
"2015-03-22",799533
"2015-03-23",342738
"2015-03-24",431604
"2015-03-25",363403
"2015-03-26",415361
"2015-03-27",521725
"2015-03-28",950445
"2015-03-29",710832
"2015-03-30",181367
"2015-03-31",257256
"2015-04-01",196441
"2015-04-02",231503
"2015-04-03",307530
"2015-04-04",742483
"2015-04-05",657752
"2015-04-06",169957
"2015-04-07",274030
"2015-04-08",163735
"2015-04-09",611447
"2015-04-10",667760
"2015-04-11",1100719
"2015-04-12",899355
"2015-04-13",322472
"2015-04-14",420176
"2015-04-15",311302
"2015-04-16",286702
"2015-04-17",381696
"2015-04-18",711904
"2015-04-19",626674
"2015-04-20",189115
"2015-04-21",263620
"2015-04-22",370956
"2015-04-23",611702
"2015-04-24",615909
"2015-04-25",1233609
"2015-04-26",927942
"2015-04-27",257690
"2015-04-28",309260
"2015-04-29",216176
"2015-04-30",334512
"2015-05-01",643070
"2015-05-02",633084
"2015-05-03",559696
"2015-05-04",390428
"2015-05-05",210420
"2015-05-06",138155
"2015-05-07",210807
"2015-05-08",285199
"2015-05-09",620157
"2015-05-10",672789
"2015-05-11",365163
"2015-05-12",180710
"2015-05-13",123770
"2015-05-14",183742
"2015-05-15",319178
"2015-05-16",524098
"2015-05-17",459692
"2015-05-18",181546
"2015-05-19",282171
"2015-05-20",168823
"2015-05-21",231803
"2015-05-22",320981
"2015-05-23",560925
"2015-05-24",577991
"2015-05-25",175766
"2015-05-26",244730
"2015-05-27",186718
"2015-05-28",273931
"2015-05-29",344616
"2015-05-30",476970
"2015-05-31",408424
"2015-06-01",235254
"2015-06-02",243232
"2015-06-03",239180
"2015-06-04",379360
"2015-06-05",402826
"2015-06-06",678590
"2015-06-07",662528
"2015-06-08",310866
"2015-06-09",399940
"2015-06-10",274623
"2015-06-11",581034
"2015-06-12",937544
"2015-06-13",917184
"2015-06-14",693357
"2015-06-15",307440
"2015-06-16",395983
"2015-06-17",290520
"2015-06-18",476532
"2015-06-19",514474
"2015-06-20",686401
"2015-06-21",578548
"2015-06-22",344293
"2015-06-23",393780
"2015-06-24",178515
"2015-06-25",0
"2015-06-26",0
"2015-06-27",0
"2015-06-28",0
"2015-06-29",0
